"eng__001","eng__002","eng__003","eng__004","eng__005","afr__001","afr__002","afr__003","afr__004","zul__001","zul__002","zul__003","zul__004","xho__001","xho__002","xho__003","xho__004","xho__005","ssw__001","ssw__002","ssw__003","ssw__004","ssw__005","nde__001","nde__002","nde__003","nde__004","tsn__001","tsn__002","tsn__003","tsn__004","tsn__005","tsn__006","nso__001","nso__002","nso__003","nso__004","nso__005","nso__006","sot__001","sot__002","sot__003","ven__001","ven__002","ven__003","tso__001","tso__002","tso__003"
"aerial","","","","","lugdraad","antenne","","","usiba","uthi","","","isitsali-maza","ieriyali","","","","sibambamagagasi","i-eriyeli","","","","isikhambisimaza","isikhambisimdumo","","","eriele","lenakaphetisi","","","","","eriale","eriele","moteka","","","","eriele","lesiba","","eriaḽa","luṱhaṱhe","","eriyani","",""
"airmail","","","","","lugpos","","","","ukuposa ngendiza","","","","uthumelo mbalelwano ngezomoya","iposi yomoya","","","","liposi lemoya","liposimoya","","","","iposommoya","","","","posofofane","","","","","","poso ka sefofane","","","","","","poso ka sefofane","poso ya moyeng","","poswo ya muyani","poswonyendedzwamuyani","","poso-hahiso","",""
"antenna","","","","","antenne","","","","inzwangomoya","","","","ucingo lwesitsali-maza","ucingo lwe-eriyali","","","","sitfumelimagagasi","sihoshi","sichumamagagasi","i-eriyeli","i-anthena","isikhambisimdumo","isikhambisimaza","","","lenakaphetisi","anthena","","","","","lenakana","anthena","","","","","eriala","sephopholetsi","lesiba","eriaḽa","luṱhaṱhe","","eriyani","",""
"apparatus","","","","","apparaat","toestel","","","insizakusebenza","","","","izixhobo","","","","","tisetjentiswa","","","","","iinsetjenziswa","","","","sediriswa","","","","","","setlabakelo","sedirišwa","setlabelo","aphareithase","","","sesebediswa","","","tshishumiswa","","","xigotso","",""
"application","","","","","toepassing","applikasie","","","uhlelokusebenza","","","","inkqubo yekhompyutha","","","","","luhlelokwenta","","","","","ikghonakalisohlelo","ihlelongqondomtjhini","","","lenaanetiriswa","","","","","","lenaneotirišo","","","","","","lenaneo la khompyutha","motlaotutswe","","apḽikhesheni","","","nongonoko-nkongoma","",""
"audio-visual n.","","","","","oudiovisuele toerusting","oudiovisuele apparaat","","","ukuzwakubona","ukuzwakubuka","","","umabonwa-eviwa","","","","","malalelwabukwa","","","","","umalalelwabukelwa","","","","sedirisokutlopono","","","","","","go kwewa le go bonwa","","","","","","sesebediswa sa kutlo le pono","kutlopono","","mbonalopfiwa","","","xivonwa-twiwa","",""
"audio-visual adj.","","","","","oudiovisueel","","","","-kuzwakubona","-kuzwakubuka","","","ebonwa iviwa","","","","","-lalelwabukwa","","","","","-lalelabukelwa","","","","-kutlopono","","","","","","ya go kwewa le go bonwa","","","","","","- kutlo le pono","kutlopono","","mbonalopfiwa","","","xo twiwa no voniwa","",""
"bandwidth","","","","","bandwydte","","","","umkhawulokwamukela","umkhawulokudonsa","","","umthamo wothungelo-lwazi","amandla okuqhagamshelanisa","","","","umtsamo","ummumatfo","","","","umkhawulelommumatho","","","","kgonothebolo","","","","","","bonabophihlelo","","","","","","matla a phetisetso","","","vhuphara ha vhurathisi","","","mpimo-hungu","",""
"bit","","","","","bis","","","","isimumathalwazi esincu","ibhithi","","","isuntswana lolwimi lwekhompyutha","","","","","mantjikane","ibhithi","","","","ibhithi","isikhadlanammumatho","","","karolwanatlhaka","","","","","","tsekana ya paete","paetana","","","","","biti","","","bithi","","","nhlayo-rito {hi xikhompyuta}","hlaya-rito",""
"broadcast v.","","","","","uitsaai","uitsend","","","-sakaza","","","","ukusasaza","","","","","sakata","","","","","rhatjha","","","","-gasa","","","","","","gaša","hlagiša moyeng","","","","","hasa","","","-hasha","","","haxa","",""
"broadcasting service","","","","","uitsaaidiens","","","","ezokusakaza","","","","inkonzo yosasazo","","","","","tekusakata","","","","","zokurhatjha","","","","tirelokgaso","","","","","","tirelokgašo","tirelotlhagišomoyeng","","","","","tshebeletso ya kgaso","","","tshumelo ya khasho","","","vuhaxi","",""
"browser","","","","","leser","blaaier","rondblaaier","","isiphequluli","","","","isikhangelisi","","","","","siphenyi","","","","","isiphenyi","","","","sephetlatsebe","","","","","","praosara","lenaneonyako {khomphyutheng}","","","","","thalotso","","","brausa","","","phurogireme ya nhlayiso","nongonoko-nhlayiso",""
"byte","","","","","greep","","","","isimumathalwazi","","","","ibhayithi","","","","","mantjikane","ibhayithi","ibhithi","","","isikhadlanammumatho","","","","tlhaka","","","","","","ntsekana ya paete","paetana","","","","","baete","","","baithi","","","rito {hi xikhompyuta}","",""
"cable","","","","","kabel","","","","intambo kagesi","ikhebuli","","","intambo yombane","intambo yefoni","ikheyibhuli","","","ikhebuli","","","","","intambomlilo","ikheyibuli","","","mogala","kheibole","","","","","kheibole","kheipole","","","","","kheibole","","","khebuḽu","","","khebulu","",""
"CD","compact disc","","","","CD","kompakskyf","laserskyf","","icwecwe","","","","icwecwe","icwecwe lomculo","icwecwe lolwazi","","","i-CD","","","","","i-CD","","","","CD","","","","","","CD","","","","","","CD","","","CD","","","CD","",""
"cellphone","mobile phone","","","","selfoon","sellulêre telefoon","","","umakhalekhukhwini","ucingoluphathwayo","iselula","","iselula","iselfowuni","umafumaneka naphi","umathunyw’asabele","","makhalekhikhini","","","","","umaliledinini","iselifoni","ufunjathwako","","selefouno","selula","","","","","selfoune","selula","sele","sellathekeng","","","selefounu","","","luṱingothendeleki","luṱingokhwalwa","seḽefouni","selefoni","marila-nyongeni",""
"cellular network","","","","","sellulêre netwerk","","","","uhleloxhumano lomakhalekhukhwini","uhleloxhumano lwamaselula","","","uthungelwano lweselula","uthungelwano lukamafumaneka naphi","uqhagamshelwano lweselula","uqhagamshelwano lweselfowuni","uqhagamshelwano lukamathuny’wasabele","luhlelokuchumana lwabomakhalekhikhini","inethiwekhi yabomakhalekhikhini","","","","ithungelelwano labofunjathwako","ithungelelwano labomaliledinini","ithungelelwano lamaselifoni","","mafaratlhatlha a selula","kgokagano ka selula","","","","","kgokagano ya diselfoune","netweke ya diselfoune","","","","","marangrang a selula","","","vhuṱumanyi ha ṱhingothendeleki","vhuṱumanyi ha seḽefouni","","vuhlanganisi bya tiselefoni","ntirhisano wa tiselefoni",""
"cellular operator","","","","","sellulêre operateur","","","","inkampani yomakhalekhukhwini","inkampani yamaselula","","","inkampani yeenkonzo zeselula","inkampani yeenkonzo zikamafumaneka naphi","inkampani yeenkonzo zeselfowuni","inkampani yeenkonzo zikamathunyw’asabele","","inkampani yabomakhalekhikhini","","","","","ikhampani yabomaliledinini","ikhampani yabofunjathwako","ikhampani yamaselifoni","","setlamo sa selula","","","","","","moabaditirelo tša diselfoune","","","","","","khampani ya selula","molaodi wa selula","","tshumelo ya ṱhingokhwalwa","tshumelo ya ṱhingothendeleki","tshumelo ya seḽefouni","n’wa-tiselefoni","",""
"censorship","","","","","sensuur","","","","inhlolakuhlunga","ukuhlolakuhlunga","","","ukuhluza","ukuvalela uluvo","ukungavumeli uluvo","","","luhlungo","","","","","ihlungobumbi","","","","tlhotlho","","","","","","tlhokolo","","","","","","tshesefo","tlhokolo","","vhunanguludzi","vhuthivheli","","yiriso","",""
"channel","","","","","kanaal","","","","isiteshi","","","","ijelo","","","","","umgudvukusakata","ishaneli","","","","isitetjhi sethelevitjhini","isitetjhi sikamabonwakude","","","tšhanele","seteišene {thelebišene}","kanale","","","","kanale","tšhanele","","","","","tjhanele","kanale","","tshanele","tshiṱitshi","","chanele","xitichi",""
"commercial broadcasting service","","","","","kommersiële uitsaaidiens","","","","isiteshi sokusakaza esincike enzuzweni","isiteshi esikhokhelwayo","","","inkonzo yosasazo exhaswa ngamashishini","","","","","umsakatoluhwebo","","","","","zokurhatjha burhweba","","","","tirelokgasokgwebo","","","","","","tirelokgašo ya tša kgwebo","","","","","","tshebeletsokgaso ya tsa kgwebo","","","tshumelo ya khasho ya vhubindudzi","tshumelo ya khasho ya makwevho","","vuhaxi-xibindzu","",""
"community broadcasting service","","","","","gemeenskapsuitsaaidiens","","","","isiteshi sokusakaza sendawo","","","","inkonzo yosasazo yengingqi","","","","","umsakato wesive","umsakato wemmango","umsakato wesigodzi","","","umrhatjho womzana","","","","tirelokgasogae","","","","","","tirelokgašo ya selegae","","","","","","tshebeletsokgaso ya baahi","tshebeletsokgaso ya setjhaba","","tshumelo ya khasho ya vhadzulapo","","","vuhaxi bya muganga","",""
"component","","","","","komponent","","","","ingxenye","","","","inxalenye","inxenye","","","","incenye","","","","","ingcenye","","","","karolo","","","","","","karolowana","","","","","","karolo","karolwana","","tshipiḓa","","","xiphemu","xiako","xivumbo"
"computer","","","","","rekenaar","","","","isiqoqelalwazi","ikhompuyutha","","","ikhompyutha","","","","","ngcondvomshini","ikhompuyutha","","","","umtjhiningqondo","ikhomphiyutha","","","khomphiutha","","","","","","khomphyutha","khomphiutha","","","","","khomphyutha","","","khomphyutha","","","khomphyuta","khomphyutara",""
"consumer","","","","","gebruiker <van bv. dienste>","verbruiker <van goedere wat opgebruik word, bv. voedsel>","","","umthengi","","","","umthengi","umsebenzisi","","","","umtsengi","umsebentisi","","","","umthengi","","","","modirisi","","","","","","modiriši","mošomiši","","","","","mosebedisi","moreki","","murengi","","","mutirhisa-xixaviwa","",""
"cordless telephone","","","","","koordlose telefoon","","","","ucingolungenantambo","","","","ifoni engenantambo","","","","","lucingomoya","","","","","umtatommoya","","","","mogalakopa","","","","","","founu ya go se be le thapo","thelefomo ya go se be le thapo","","","","","founubokopa","mohalabokopa","","luṱingotshayathambo","luṱingo lu si na thambo","","riqingho ro ke ntambhu","riqingho-nkalantambhu",""
"courier","","","","","koerier","","","","isiphuthumisi","","","","isigidimi","","","","","siphutfumisi","","","","","isirhabisi","","","","khuria","morongwathoto","","","","","moromiwa wa dithoto","","","","","","moromuwa","thometsane","","khoriya","muendedzi","","murhumiwa","",""
"cyber crime","","","","","kubermisdaad","","","","ubugebengu ngohleloxhumano ngeziqoqelalwazi","ubugebengu ngohleloxhumano ngekhompuyutha","","","ulwaphulo mthetho lweintanethi","ubukrelemnqa kwezeintanethi","","","","butulujane be-inthanethi","","","","","ubulelesi bethungelelwanohlanganiso","","","","bosenyi ka Inthanete","","","","","","bosenyi ka inthanete","","","","","","tlolo ya molao ka inthanete","bosenyi ka inthanete","","vhugevhenga nga inthanethe","vhutshinyi nga inthanethe","","swiyilayila swa inthanete","",""
"cyber law","","","","","kuberwetgewing","","","","umthetho wohleloxhumano ngesiqoqelalwazi","umthetho wohleloxhumano ngekhompuyutha","","","umthetho wezeintanethi","","","","","umtsetfo we-inthanethi","","","","","umthetho wethungelelwanohlanganiso","","","","molao wa tirisointhanete","","","","","","molaotšhomišo wa inthanete","molao wa inthanete","","","","","molao wa inthanete","","","mulayo wa inthanete","","","nawu wa inthanete","",""
"cyberspace","","","","","kuberruimte","kuberruim","netruimte","","umhlaba ongenamkhawulo wezokuxhumana ngesiqoqelalwazi","umhlaba ongenamkhawulo wezokuxhumana ngekhompuyutha","","","uvimba wolwazi olukwi-intanethi","","","","","umkhatsiluchumano","","","","","ikundla yethungelelwanohlanganiso","","","","sebakabaka sa Inthanete","","","","","","sebakabaka sa inthanete","sebakaphihlelelo sa tshedimošo","","","","","sepakapaka sa inthanete","","","inthanethetshayamagumo","tshikhala tsha inthanethe","","vuvandla bya inthanete","",""
"data","","","","","data","","","","ulwazi olungahluziwe","imininingo","idatha","","ulwazi olukwikhompyutha","iinkcukacha ezikwikhompyutha","ulwazi oluqokelelweyo","","","idatha","","","","","idatha","okunikelweko","","","tshedimosetso","","","","","","tshedimošo","datha","deitha","","","","datha","pokello ya dintlha","","data","mafhungo o kuvhanganywaho","","switiviwa","",""
"database","","","","","databasis","","","","ulwazi olugciniwe","ulwazi olulondoloziwe","imininingo egciniwe","","ulwazi olucwangcisiweyo olukwikhompyutha","idathabheyisi","","","","silululwati","idathabhesi","","","","iziko ledatha","iziko lokunikelweko","iziko lebuthelelolwazi","","sefalanatshedimoso","deithabeisi","","","","","tshedimošohlopša","","","","","","polokelo ya dintlha","sesiu","","databeisi","tshiko tsha mafhungo o kuvhanganaho","","nhlayisa-switiviwa","",""
"data capture","","","","","datavaslegging","","","","ukuqoqela ulwazi","","","","ufakelo-lwazi kwikhompyutha","ukufaka ulwazi kwikhompyutha","","","","kufunta idathabhesi","","","","","ibuthelelo ledatha","ibuthelelo lokunikelweko","","","kokoanyodeitha","kokoanyotshedimoso","","","","","kgoboketšo ya tshedimošo","kgoboketšo ya datha","kgoboketšo ya deitha","","","","pokeletso ya dintlha","","","vhufaradata","vhufaramafhungo","","ndzhotela-switiviwa","",""
"decoder","","","","","dekodeerder","","","","isiguquli","idikhoda","","","isiguquli maz’omoya","idikhowuda","","","","sihlungi","idekhoda","","","","ivulafihlo","","","","seranodi","","","","","","sefetoši sa maphoto","","","","","","dikhoda","sefetoledi","","dikhoda","","","mpaluxana","",""
"desktop","","","","","werkskerm","","","","ubuso besiqoqelalwazi","ubuso bekhompuyutha","","","indawo enezikhombisi zeenkqubo zekhompyutha","ubuso bekhompyutha","","","","buso bangcondvomshini","","","","","ikombamahlelo","","","","sefatlhatirelo","","","","","","sefahlego sa khomphyutha","sefahlego sa khomphiutha","teskthopo","deskthopo","","","sefahleho","","","khomphyutha ine ya vhewa kha desike","deskithopho","","xikirini","",""
"digital adj.","","","","","digitaal","","","","-zinombolo","","","","ulwazi olungamanani","","","","","-dijithali","","","","","-nomboro","","","","tshedimosetsopalo","","","","","","tshedimošo ka sebopego sa dipalo","titšithale","","","","","dijithale","e bopilweng ka dipalo","","didzhithaḽa","","","xa xidijiti","",""
"digital camera","","","","","digitale kamera","","","","isithwebuli esisebenza ngezinombolo","ikhamera esebenza ngezinombolo","","","ikhamera yamanani","isithatha-mfanekiso seenombolo","","","","sitfwebulidijithali","","","","","isithombenomboro","","","","setsaya ditshwantshopalo","khemerapalo","","","","","setšeaswantšho sa titšithale","khamera ya titšithale","","","","","khamera ya dijithale","","","khamera ya didzhithaḽa","","","khameraxidijiti","",""
"directory","","","","","gids","lêergids","","","inkomba ekusiqoqelalwazi","inkomba ekukhompuyutha","","","isikhokeli esisisigcini-lwazi","","","","","silayeli","","","","","isiphathimafayili","ikomba","","","faelekaedi","","","","","","tšhupadifaele","","","","","","tatellano ya difaele","","","dairekhthri","ndaedzaṱhingo","","nkwama","",""
"DVD","digital versatile disc","","","","digitale videoskyf","DVD","","","icwecwe eligcina ulwazi ngohlelo nombolo","idividi","","","icwecwe lolwazi oluphangaleleyo","idividi","","","","i-DVD","","","","","idiskinomboro yobutjhugululolula","idividi","","","DVD","papetlagotlhe","","","","","tiski ya modumopono ya titšithale","","","","","","DVD","","","DVD","disikinyitazwoṱhe ya didzhithala","","divhidi","",""
"e-commerce","","","","","e-handel","","","","uhwebo ngohleloxhumano","","","","unaniselwano ngeintanethi","intengiselwano ngeintanethi","urhwebo ngeintanethi","","","luhwebo lwe-elekthronikhi","","","","","irhwebo nge-inthanethi","","","","theko ka inthanete","","","","","","kgwebišano ka inthanete","","","","","","kgwebo ya elektroniki","","","bindu nga eḽekṱhroniki","makwevho nga eḽekṱhroniki","","vubindzu-xiinthanete","bindzu-xitironiki",""
"e-government services","","","","","e-regeringsdienste","","","","ukuthola usizo lukahulumeni ngohleloxhumano","","","","iinkonzo zikarhulumente ngeintanethi","","","","","lusitohulumende lwe-elekthronikhi","","","","","imisebenzi yombuso ngethungelelwanohlanganiso","imisebenzi yombuso ngeinthanethi","","","ditirelopuso ka Inthanete","","","","","","ditirelo tša pušo ka inthanete","","","","","","ditshebeletso tsa mmuso ka elektroniki","","","tshumelo dza muvhuso nga elekthroniki","","","nkorhokela-mfumo xitironiki","",""
"e-learning","","","","","e-leer","","","","ukufunda ngohleloxhumano","","","","ukufunda kusetyenziswa i-intanethi","","","","","kufundza nge-elekthronikhi","","","","","ukufunda ngethungelelwanohlanganiso","ukufunda nge-inthanethi","","","ithuto ka Inthanete","","","","","","boithuti ka inthanete","","","","","","boithuti ka elektroniki","","","vhugudi nga eḽekṱhroniki","","","ndzetelo-xitironiki","",""
"electronic advertising","","","","","elektroniese reklame","elektroniese advertering","","","ukukhangisa ngohleloxhumano","","","","intengiso ngeintanethi","","","","","kukhangisa nge-elekthronikhi","","","","","ukukhangisa ngethungelelwanohlanganiso","ukukhangisa nge-inthanethi","","","papatsoseileketeroniki","","","","","","papatšo ka elekhtroniki","","","","","","papatso ka elektroniki","","","khungedzelo nga elekṱhroniki","","","vunavetisi-xitironiki","",""
"electronic media","","","","","elektroniese media","","","","ezokuxhumana ngobuchwepheshe bomoya","","","","iindaba ngosasazo","amajelo osasazo","","","","tisabalalisi te-elekthronikhi","","","","","iimbiki ezirhatjhako","","","","tlhaeletsanoseileketeroniki","","","","","","kgašo ya elektroniki","","","","","","diphatlalatso ka elektroniki","","","nyanḓadzamafhungo nga elekṱhroniki","","","swifambisa-mahungu xitironiki","",""
"electronic transaction","","","","","elektroniese transaksie","","","","ukuthengiselana ngohleloxhumano","","","","unaniselwano ngeintanethi","intengiselwano ngeintanethi","unaniselwano ngekhompyutha","intengiselwano ngekhompyutha","","kubhizinisa nge-elekthronikhi","","","","","ithengiselwano bu-elekthroniki","","","","kgwebisanoseileketeroniki","","","","","","kgwebišano ka elektroniki","","","","","","kgwebisano ka elektroniki","","","mbadelo nga eḽekṱhroniki","","","nxaviselano-xitironiki","",""
"e-literacy","","","","","e-geletterdheid","","","","ulwazi ngesiqoqelalwazi","ulwazi ngekhompuyutha","","","ulwazi lokusebenzisa ikhompyutha","","","","","kwati nge-elekthronikhi","","","","","ilwazi lekhomphiyutha","ilwazi lomtjhiningqondo","","","bokgoni jwa khomphiutha","","","","","","tsebotirišo ya khomphyutha","tsebotirišo ya khomphiutha","","","","","tsebo ya elektroniki","","","vhukonakhomphyutha","","","vutiva-khomphyuta","vutiva-khomphyutara",""
"email n.","mail","electronic mail","","","e-pos","elektroniese pos","","","umbikombani","isiqoqelalwazimbiko","iposisiqoqelalwazi","i-imeyili","unxibelelwano ngamaz’omoya","i-imeyili","","","","liposi","","","","","umbiko ngethungelelwanohlanganiso","umbiko nge-inthanethi","","","kwalelano ka inthanete","imeile","","","","","molaetša ka elekthroniki","","","","","","imeile","poso ka elektroniki","","poswo nga eḽekthronic","emeiḽi","","imeyili","poso-xitironiki",""
"email v.","mail","","","","e-pos","","","","-thumela ngombikombani","-thumela ngesiqoqelalwazimbiko","-thumela ngeposisiqoqelalwazi","-thumela nge-imeyili","ukuthumela imbalelwano ngeimeyili","ukuthumela i-imeyili","ukuimeyila","","","imeyila","","","","","bika ngethungelelwanohlanganiso","imeyila","","","posa ka inthanete","-romela ka inthanete","imeila","","","","romela molaetša ka elekhtroniki","","","","","","posa","imeila","","-imeiḽa","-rumela","-posa","imeyila","rhumela","posa"
"e-readiness","","","","","e-gereedheid","","","","ukulungela ukusebenza ngesiqoqelalwazi","ukulungela ukusebenza ngekhompuyutha","","","elungele usetyenziso lwekhompyutha","","","","","kulungela i-elekthronikhi","","","","","ukulungela ihlelo lobuelekthroniki","","","","tshiamelotiriso ya seileketeroniki","","","","","","maemo a go lokela tšhomišo ya dikhomphyutha","maemo a go lokela tšhomišo ya dikhomphiutha","","","","","boemotshebediso ba elektroniki","","","vhulugela-zwa-eḽekṱhroniki","","","ndzulamela-xitironiki","ndzhunghekela-xitironiki",""
"free-to-air service","","","","","gratis uitsaaidiens","","","","ukusakazelwa okungakhokhelwa","","","","inkonzo yosasazo engahlawulelwayo","","","","","lusakatomahhala","lusakato lolungakhokhelwa","","","","irhatjhelo simahla","irhatjhelo mahala","","","kgasosesolo","tirelokgasosesolo","","","","","tirelokgašo ya go se lefelwe","","","","","","tshebeletso ya mahala ya kgaso","","","tshumelo ya khasho ya mahala","","","vuhaxi bya mahala","",""
"frequency {broadcasting}","","","","","frekwensie","","","","isiteshi esisakaza ngomoya","","","","isitishi samaz’omoya","","","","","siteshimsakato","","","","","isitetjhi sommoya","","","","lekhubu","","","","","","morethetommoetša wa maphotho","","","","","","leqhubu","","","frikhwentsi","","","xihondzo","",""
"hardware","","","","","apparatuur","hardeware","","","ingxenyezakhi zesiqoqelalwazi","ingxenyezakhi zekhompuyutha","","","ubuxhakaxhaka bekhompyutha","","","","","takhi tangcondvomshini","ticucu tangcondvomshini","","","","ingaphandlengqondomtjhini","","","","karolotshwarwa","","","","","","ditlabakelo tša khomphyutha","ditlabakelo tša khomphiutha","hatewee ya khomphyutha","hatewee ya khomphiutha","","","dithata","","","hadiwee","zwivhumbakhomphyutha","","swikhedzakhedza {swa khomphyuta}","",""
"home page","","","","","tuisblad","","","","ikhasi lokuqala lokuxhumana","","","","isiqalelo-phepha","iphepha lesiqulatho","","","","likhasisendvulelo","likhasisisekelo","likhasisendlalelo","","","ikhasisendlalelo","ikhasimkhaya","","","tsebekgoroso","","","","","","letlakala la matsenagae","","","","","","leqephe la lapeng","leqephe la bokeno","","siaṱarimvulelwa","hompheidzhi","","pheji-xikaya","",""
"information communication technology","ICT","","","","inligtingskommunikasietegnologie","IKT","","","ulwazi lwezobuchwepheshe kwezokuxhumana","","","","ubuchwepheshe bolwazi nonxibelelwano","","","","","ithekhinoloji yelwati lwetekuchumana","","","","","itheknoloji yelwazithintano","","","","thekenoloji ya tshedimosetsotlhaeletsano","","","","","","theknolotši ya tshedimošo le kgokagano","","","","","","theknoloji ya lesedi le dikgokahano","TLD","","ICT","thekhnoḽodzhi ya vhudavhidzani","","ICT","xifambisa-hungu",""
"information superhighway","","","","","inligtingsnelweg","supersnelweg","","","uhleloxhumano olusabalele","uhleloxhumano oluvulelekile","","","ucingolwekhompyutha olukhawulezayo","","","","","luhlelochumano lolusembili","","","","","ihlelothintano elidephileko","uthelalise wehlelothintano","","","tselafefogadi ya tshedimosetso","","","","","","tshepedišobjako ya tshedimošo","","","","","","motjhamoholo wa lesedi","","","nyendedzoṱhavhanyedza","nyendedzo ya tshihaḓu ya khomphyutha","","vufambisamahungu-xitironiki","",""
"infrastructure","","","","","infrastruktuur","","","","ingqalasizinda {kwezokuxhumana}","","","","izinxibelelanisi zeekhompyutha","","","","","sakhiwonchanti","","","","","umthangalasisekelo","","","","mafaratlhatlha","","","","","","lenaneokgoparara","","","","","","moralo wa theknoloji","moralo wa motheo","","themamveledziso ya vhuṱumanyi ya khomphyutha","","","switirhisiwa","",""
"input n.","","","","","toevoer","inset","","","ulwazi olufakiwe","","","","iinkcukacha ezifakiweyo","","","","","lufuntolwati","","","","","okufakwako","ifakelo","","","setsenngwa","tshedimosetsotsenngwa","","","","","tshedimošo ka khomphyutheng","tshedimošo ka khomphiutheng","","","","","lehlahlelo","phepelo","","mafhungodzheniswa","zwiengedzwa","","xinghenisiwa","",""
"input v.","","","","","toevoer","invoer","","","-faka ulwazi","","","","ukufaka iinkcukacha","","","","","funta lwati","","","","","faka","fakela","","","-tsenya tshedimosetso","","","","","","tsenya tshedimošo khomphyutheng","tsenya tshedimošo khomphiutheng","","","","","hlahlela","fepela","","-dzhenisa mafhungo","-engedza mafhungo","","nghenisa","",""
"install","","","","","installeer","","","","-xhuma","-faka","","","ukufakela","","","","","faka","","","","","-faka","","","","gokela","tsenya","","","","","beakanya","hloma","","","","","kgwesa","kenya","","kwea","","","ku nghenisa","",""
"installation","","","","","installering","installasie","","","ukuxhuma","ukufaka","","","ufakelo","","","","","kufaka","","","","","ukufaka","","","","kgokelo","tsenyo","","","","","go beakanya","go hloma","","","","","kgweso","ho kenya","","u kwea","khweo","","ngheniso","",""
"interactive","","","","","interaktief","","","","uxhumanokwamukelana","uxhumanonanelwano","","","ezinxibelelanayo","","","","","luchumano lolundlelambili","","","","","kwethintanonikelwano","","","","tshedimosetsano","","","","","","kgokagano","","","","","","tshebeletsano","","","fhindulana na","","","ntirhisano","",""
"Internet","","","","","Internet","internet","","","uhleloxhumano lomhlaba","i-intanethi","","","i-intanethi","","","","","i-inthanethi","","","","","ithungelelwanohlanganiso","i-inthanethi","","","Inthanete","","","","","","inthanete","","","","","","inthanete","","","inthanethe","","","inthanete","",""
"internet café","cyber café","","","","internetkafee","kuberkafee","netkafee","","ingosihwebo ngohleloxhumano","","","","ikhefi yeintanethi","","","","","likhefi le-inthanethi","","","","","isitodlwana sethungelelwanohlanganiso","","","","borekisetsointhanete","","","","","","khefi ya inthanete","","","","","","khefi ya inthanete","","","khefi ya inthanethe","","","khefi ya inthanete","",""
"intranet","","","","","intranet","binnenet","","","uhleloxhumano lwangaphakathi","","","","uthungelwano ngaphakathi","i-intranethi","","","","i-inthranethi","","","","","ithungelelwanohlanganiso langekhaya","i-inthranethi","","","interanete","","","","","","inthranete","","","","","","intranete","","","inthranethe","","","inthiranete","",""
"landline","","","","","landlyn","","","","ucingo lwasendlini","ucingo lwamakhebuli","","","ucingo lonxibelelwano","ifowuni yasendlini","","","","intsambo yekuchumana","","","","","umtato onzinzileko","","","","mogalafatshe","","","","","","motato wa ka ntlong","mogala wa ka ntlong","","","","","mohala wa fatshe","","","ḽaini ya luṱingo","ḽendiḽaini","","rinqingho ra le ndlwini","riqingho ra le ndlwini",""
"laptop","","","","","skootrekenaar","","","","isiqoqelalwazi esiphathekayo","isiqoqelalwazi esingabekwa emathangeni","umathangeni","","ikhompyutha ephathwayo","","","","","matsangeni","","","","","umtjhiningqondo ophathwako","","","","khomphiuthafarwa","lepothopo","","","","","lepthopo","","","","","","lepthopo","","","khomphyuthakhwalwa","ḽepithopho","","xixingiwa","",""
"local area network","LAN","","","","plaaslike netwerk","LAN","","","uhleloxhumano lomkhawulo wendawo","","","","uthungelwano lwengingqi","isitishi samaza othungelwano sengingqi","","","","luhlelochumano lwendzawo","i-LAN","","","","ithungelelwanothintano lendawo","i-LAN","","","kgokaganoselegae","","","","","","kgokagano ya selegae","netweke ya selegae","","","","","marangrang a lehae","ML","","vhuṱumanyihapo","fhethu ha vhuṱumanyi","LAN","LENE","vuhlanganisi bya tikhomphyuta ta ndhawu","vuhlanganisi bya tikhomphyutara ta ndhawu"
"log off","log out","","","","afteken","uitteken","","","ukuphuma {kusiqoqelalwazi}","ukucisha","","","ukuphuma","","","","","phuma","","","","","loga","","","","tswaya","","","","","","go tšwa kgokaganong {ya khomphyutha}","go tšwa netwekeng {ya khomphyutha}","","","","","tima","tswa","","bva","u bva","","huma {eka khomphyuta}","",""
"mail n.","","","","","pos","","","","iposi","","","","iposi","","","","","tfumela","posa","","","","iposo","","","","poso","","","","","","poso","","","","","","poso","","","poswo","","","poso","",""
"mail v.","","","","","pos","","","","-posa","-thumela","","","ukuposa","","","","","posa","","","","","posa","","","","-posa","","","","","","posa","romela","","","","","posa","","","poswo","","","posa","rhumela",""
"money order","","","","","poswissel","","","","isimelelamali saseposini","","","","iphepha lemali yocingo","","","","","simelelimali seposini","","","","","iposimali","","","","pampiritšhelete","","","","","","taolotefelo ya tšhelete posong","maniotara","maniodara","","","","pampiritjhelete","","","malindaedzwa","","","cheke ya poso","",""
"multimedia","","","","","multimedia","","","","ingxubexhumano","","","","unxazonke","","","","","tisabalalisilwati letinhlobonhlobo","","","","","iimbikimvango","","","","tlhaeletsanophata","","","","","","phatlalatšontši ya tshedimošo","","","","","","kgobokano ya dikgokahano","","","khashonnzhi","nyanḓadzamafhungo ṱhanganelo","","swihangalasa-mahungunyingi","",""
"network n.","","","","","netwerk","","","","uhleloxhumano","","","","uthungelwano","uqhagamshelwano","unxibelelwano","","","luhlelochumano","","","","","ithungelelwano","","","","kgokagano","","","","","","netweke","","","","","","marangrang","","","nethiweke","vhuṱumanyi","","netiweke","",""
"number portability","","","","","nommeroordraagbaarheid","","","","inombolo engunkampanizonke","","","","umahamba nayo wenombolo","","","","","nombolotfwaleka","","","","","uvulazoke","","","","nomorotiriswagotlhe","","","","","","tšhomišogohle ya nomorofounotee","","","","","","nomoro ya letshwitshwitha","","","nomborondanganyisedzo","nomborokhwalwa","","nkhulukelano-nomboro","",""
"online adj.","","","","","gekoppel","aanlyn","","","ukusebenza ngokohleloxhumano","","","","eqhagamshelekileyo","","","","","-phuma","-ngena","","","","-nethungelelwano","","","","-golagantsweng {ka khomphiutha}","","","","","","kgokaganego","netwekeng","","","","","e hoketsweng","","","-ṱumeaho","","","ku nghena eka netiweke","",""
"open source software","","","","","oopbronprogrammatuur","oopbronsagteware","","","uhlelo lokusebenza oluguqukayo","uhlelo oluvulelekile","","","iprogram yekhompyutha esebenziseka lula","","","","","luhlelokusebenta lolutfolakala lula","","","","","ingaphakathimtjhiningqondo elivulekileko","","","","karolofefo ya sesolo","","","","","","lenaneotirišwa la khomphyutha le le fetšwago","lenaneotirišwa la khomphiutha le le fetšwago","","","","","dinolo tse ka fetolwang","","","tshiko tsha softhiwee i swikeleaho","","","sofuwere ya mahala","",""
"pay TV","pay channel","","","","betaalkanaal","","","","isiteshi esikhokhelwayo sikamabonakude","","","","ijelo leTV elihlawulelwayo","","","","","umgudvu wamabonekudzeni lokhokhelwako","mabonekudzeni lokhokhelwako","","","","irhatjhelombadelo likamabonwakude","umabonwakude obhadalelwako","","","kanaletuelelwa","tšhaneletuelelwa","","","","","tirelokgašo ya thelebišene ya go lefelwa","ditšhanele tša thelebišene tša go lefelwa","","","","","kanale e lefellwang","","","tshiṱitshimbadelwa","tshanele i badelwaho","tshanele i lifhwaho","chanele yo hakeleriwa","",""
"peripheral device","peripheral","","","","randapparatuur","randapparaat","","","isengezo seziqoqelalwazi","","","","isiqhoboshelo sekhompyutha esinganyanzelekanga","isiqhoboshelo sekhompyutha esisenokungabikho","","","","silungelelo","","","","","isisetjenziswa sangeqadi","isisetjenziswa esingezelelako","","","segokelelwa","","","","","","setlabakelo sa tlaleletšo sa khomphyutha","tirelo ya go se be bohlokwa","setlabakelo sa tlaleletšo sa khomphiutha","pheriferale","","","sekgomathiswa","","","tshiṱuṅwa","","","xitlhomelo {xa khomphyuta}","",""
"philatelist","","","","","posseëlversamelaar","seëlversamelaar","filatelis","","umncwaningizitembu","","","","umqokeleli-zitampu","","","","","sotitembu","","","","","usontembu","","","","raditempe","maditempe","","","","","mokgobokanyimoithuti wa ditempe","filatheliste","","","","","raditempe","","","mugudazwiṱemmbe","mukuvhanganyi wa zwiṱemmbe","","mutokota-switempe","",""
"philately","","","","","versamel van posseëls","filatelie","","","ucwaningozitembu","","","","ukuqokelela izitampu","","","","","lucwaningotitembu","","","","","ibuthelelofundo ngeentembu","","","","boithutatempe","","","","","","kgoboketšo le thuto ka ditempe","filatheli","","","","","boithuti ba ditempe","","","vhugudazwiṱemmbe","vhukuvhanganyi ha zwiṱemmbe","","vutokota-switempe","",""
"portal","","","","","poort","","","","intuba yolwazi","","","","isango-salathisi","","","","","iphothali","","","","","isizasithungelelanisi","","","","botseno","","","","","","setshatšhupadingwe inthaneteng","","","","","","kgoro","","","phothaḽa","tshilangavhuṱumanyi","","xihlovo xa tiwebusayiti","",""
"postage","","","","","posgeld","","","","imali yokuposa","","","","imali yokuposa","","","","","inkhokheloposi","","","","","imali yokuposa","","","","tueleloposo","","","","","","tefelo ya go posa","","","","","","tjhelete ya ho posa","tefello ya poso","","mbadelatshiposwa","tshelede ya poswo","mali ya poswo","xihakelela-poso","",""
"postage stamp","","","","","posseël","","","","isitembu sokuposa","","","","isitampu sokuposa","","","","","sitembu sekuposa","","","","","isitembu sokuposa","","","","setempe {sa poso}","","","","","","tefelo ya go posa","","","","","","setempe sa ho posa","","","tshiṱemmbe tsha u posa","","","xitempe xo posa","",""
"postal code","","","","","poskode","","","","inombolonkomba yeposi","ikhodi leposi","","","ikhowudi yeposi","","","","","liposikhodi","","","","","ikhodi yokuposa","","","","khoutu ya poso","","","","","","khoute ya poso","","","","","","khoutu ya poso","","","khoudu ya poswo","","","khodi ya poso","",""
"postal order","","","","","posorder","","","","isimelamali","","","","iposi-oda","","","","","liposi-oda","","","","","isijamelimali seposo","","","","pampiritšhelete","posootoro","","","","","taelotefeloposwa","phoustalotara","","","","","pampiritjhelete ya poso","","","positaḽaoda","tshirumali","","cheke ya poso","",""
"Postbank","","","","","Postbank","","","","ibhange laseposini","","","","ibhanki yeposi","","","","","libhange laseposini","liposibhange","","","","ibulungelo","ibhanga","","","posopolokelo","","","","","","Panka ya poso","","","","","","banka ya poso","","","bannga ya poswoni","","","Bangi ya poso","",""
"postcard","","","","","poskaart","","","","incwadibuhlumpu","iposikhadi","","","iposi-khadi","","","","","liposikhadi","","","","","iposikarada","","","","posokarata","","","","","","poskarata","","","","","","poskarete","","","posikaraṱa","","","posikarata","",""
"post office","","","","","poskantoor","","","","ezamaposi","eposini","","","eposini","","","","","temaposi","eposini","","","","umnyango weposo","umnyango weposi","iposi","iposo","lefaphaposo","ntloposo","poso","","","","lefapha la tša poso","poso","","","","","botsamaisi ba poso","posong","","poswoni","muhasho wa poswo","poswo","hofisi ya poso","eposweni",""
"printer","","","","","drukker","","","","isikhiphambhalo sesiqoqelalwazi","iphrinta","","","isishicileli","iprinta","","","","iphrinta","","","","","isikhafulimtlolo","isikhuphimtlolo","","","segatisi","","","","","","segatiši","printhara","printha","","","","sehatisi","","","phrinthara","","","pirintara","",""
"programming","","","","","programmering","programopstelling","","","ukwakha uhlelo","ukwenza uhlelo","ukuhlela","","uyilo lweeprogram zekhompyutha","ulungelelwaniso lweenkqubo zosasazo","ukhetho-nkqubo zosasazo","","","kwakha tinhlelo","kuhlela","","","","ukwakha amahlelo","ukunanekisa amahlelo","","","tlhamomananeo {khomphiutha}","thulaganyonaneo","","","","","tlhamo ya mananeotirišo a khomphyutha","peakanyo ya mananeo","go phrokrema","go prokrema","","","bongodi","tlhophiso ya mananeo","","u phrogirema","","","mbumba-nongonoko","vuxaxameti",""
"public broadcasting service","","","","","openbare uitsaaidiens","","","","isiteshi sokusakaza somphakathi","","","","inkonzo yosasazo yoluntu jikelele","","","","","umsakato wemmango","umsakato wesive","","","","zokurhatjhela isitjhaba","","","","tirelokgaso ya setšhaba","","","","","","tirelokgašo ya setšhaba","","","","","","tshebeletsokgaso ya setjhaba","","","tshumelo ya khasho ya tshitshavha","","","vuhaxi bya mfumo","",""
"radio n.","wireless","","","","radio","","","","umsakazo","iwayilense","umbhoshongo","","unxibelelwano ngomoya","unxibelelwano ngamaz’omoya","unomathotholo","iwaylesi","irediyo","sisakati","umsakato","","","","ukurhatjha","umrhatjho","iwayilesi","isirhatjhi","tlhaeletso ka radio","radio","waelese","seyalemowa","seromamowa","setlhaeletsanokhubu","kgašokamogelo ya maphoto","seyalemoya","radio","waelese","wokithoki","radioseboledišani","selaolamaqhubu","seyalemoya","radiyo","radio","waiḽese","","rhadiyo","wayilese","xiyanimoya"
"real time","","","","","intyds","reëletyd","","","ngaleso sikhathi","","","","ngoko nangoko","","","","","ngaleso sikhatsi","","","","","kwesikhathimbala","","","","nakotiragalo","tiragatsosemetsing","","","","","ya nako yeo","","","","","","nako ya nnete","","","tshifhinga tshenetsho","","","xitshama-xilunghekile","",""
"reboot","","","","","herlaai","","","","-qalisa kabusha","","","","ukuqalela","ukuqalela kwakhona","ukuphinda uyilayite","","","cala kabusha","","","","","thomisaphasi","","","","tsosolosa","","","","","","thomološa tšhomišo ya khomphyutha","thomološa tšhomišo ya khompiyutha","","","","","ho bula hape","","","funga hafhu","","","sungulanakambe","",""
"satellite","","","","","satelliet","","","","isiphakalwazimkhathi","isathelathi","","","isiphekepheke sonxibelelwano","","","","","sijikeletamkhatsi","isathelayithi","","","","isathelayithi","","","","sathalaete","sesupatshwantsho","setlhagisatshwantsho","","","","sathalaete","","","","","","sathalaete","","","satheḽaithi","dishi ya satheḽaithi","","sathelayiti","",""
"satellite dish","dish","","","","satellietskottel","skottel","","","indishi yesiphakalwazimkhathi","indishi yesathelathi","","","idishi","","","","","indishi","","","","","isamukelimaza","isibambimaza","","","setlhagisatshwantsho","sejana sa sathalaete","sekotlolo","","","","sekotlelo sa sathalaete","diši ya sathalaete","","","","","sekotlolo sa sathalaete","","","dishi ya satheḽaithi","satheḽaithi dishi","dishi","xidikizelo xa sathelayiti","",""
"sender","","","","","afsender","","","","umthumeli","","","","umthumeli","umntu oposayo","","","","umtfumeli","","","","","umthumeliposo","","","","moromedi","","","","","","moromedi","","","","","","moromedi","","","mumurumeli","","","murhumeri","",""
"server","","","","","bediener","","","","inhlokosiqoqelalwazi yohleloxhumano","iseva","","","ikhompyutha engundoqo wothungelwano","iseva","","","","ingunguluchumano","iseva","","","","isithwalithungelelwano","iseva","","","sefara","khomphiuthatheo","","","","","sebara","sevara","sekgokaganyadikhomphyutha","sekgokaganyadikhomphiutha","","","sefepedi","","","seva","","","xiphamela-tikhomphyuta","",""
"signal n.","","","","","sein","","","","isizwambiko","","","","umqondiso wonxibelelwano","","","","","isiginali","","","","","isizwambiko","","","","setsibosi","","","","","","temoši","","","","","","leqhubu","","","signaḽa","","","mpfumawulo","",""
"signal distribution","","","","","seindistribusie","","","","ukusakazwa kwesizwambiko","","","","uhambiso lomqondiso wonxibelelwano","","","","","sisabalalisi sesiginali","","","","","ukukhanjiswa kwesizwambiko","","","","phetisatsibosi","","","","","","phatlalatšo ya temoši","","","","","","kabo ya maqhubu","","","phaḓaladzo ya signaḽa","","","vuhangalasa-mpfumawulo","",""
"smart card","","","","","slimkaart","knapkaart","","","ikhadimininingwane","","","","ikhadi lonaniselwano","","","","","simathikhadi","likhadimahlakaniphane","","","","ikaradamininingwana","","","","sehunolameraba","karatakgwebisano","","","","","karataselotatshedimošo","smatekhate","","","","","semate khate","","","garaṱa ya simathi","simathikhadi","","khadi","karata",""
"SMS","short messaging service","short message service","","","SMS","kortboodskapdiens","","","uhlelombiko olufinyeziwe","i-sms","","","imbalelwano ngeselula","imbalelwano ngomafumaneka naphi","imbalelwano ngomathunyw’asabele","imbalelwano ngeselfowuni","iSMS","i-SMS","","","","","umlayezorhunyezo","i-SMS","","","tirelo ya melaetsakhutshwe","SMS","","","","","tirelo ya melaetšakopana","","","","","","tshebeletso ya molaetsa o mokgutshwanyane","sms","tswibila","tshumelo ya mulaedza mupfufhi","SMS","","SMS","",""
"software","","","","","programme","programmatuur","sagteware","","uhlelokusebenza lwesiqoqelalwazi","isofthiwe","","","iiprogram zekhompyutha","","","","","luhlelokusebenta","","","","","ingaphakathimtjhiningqondo","","","","didiriswanolo {khomphiutha}","dikarolofefo","","","","","mananeotirišo a khomphyutha","mananeotirišo a khomphiutha","","","","","dinolo","","","softhiwee","","","sofutiwere","",""
"sound card","","","","","klankkaart","","","","ikhadimsindo lesiqoqelalwazi","","","","ikhadi lesandi","","","","","likhadimsindvo","","","","","ikaradamdumo","","","","karatasedumisi","","","","","","karatamodumo ya khomphyuthara","karatamodumo ya khomphiuthara","saontekhate","","","","karete ya medumo","","","garaṱa ya mubvumo","","","khadi ra mpfumawulo","",""
"stakeholder","","","","","belanghebbende","","","","obambiqhaza","","","","umntu onomdla ochaphazelekayo","iqela elinomdla elichaphazelekayo","","","","umhlanganyeli","bahlanganyeli","umbambichaza","","","umhlanganyeli","","","","moamegi","monnaleseabe","","","","","moamegi","","","","","","mothahaselli","","","mushelamulenzhe","","","mukhumbeki","",""
"tariff","","","","","tarief","","","","inkokhelo emisiwe","","","","imali ehlawulelwa inkonzo","irhafu yenkonzo","","","","linani lelibekiwe","","","","","imbadelo ebekiweko","","","","kelotefo","","","","","","tefelotirelo","tharifi","","","","","tharifi","tefello","","mbadelotiwa","ndifhotiwa","","hakelo","",""
"technology","","","","","tegnologie","","","","ubuchwepheshe","","","","ubuchwepheshe","iteknoloji","","","","buchwepheshe","ithekhinoloji","","","","ithekhinoloji","","","","thekenoloji","","","","","","theknolotši","","","","","","theknoloji","","","thekhnoḽodzhi","","","thekinoloji","",""
"telecommunications","","","","","telekommunikasiewese","","","","ezokuxhumana ngezingcingo","","","","unxibelelwano ngefowuni","unxibelelwano ngemfonomfono","unxibelelwano ngomnxeba","","","tekuchumanisana","","","","","ithintaniswanoliqha","","","","tlhaeletsanokgakala","","","","","","dikgokaganokgole","thelekhomiunikheišene","thelekhomyunikheišene","","","","dikgokahano tsa mehala","","","vhudavhidzanikule","vhudavhidzani ha kule","","vutihlanganisi {hi swihlanganiswa}","",""
"telemedicine","","","","","telemedisyne","","","","ukwelapha ngobuchwepheshe bezokuxhumana","","","","unxibelelwano kwezonyango","","","","","luchumanokwelapha","","","","","ukwelapha ngethintaniswanoliqha","","","","kalafitlhaeletsano","","","","","","kgokaganyokalafikgole","thelemedisene","","","","","kalafo ka mohala","","","dzilafho nga vhudavhidzani","","","vutshunguri hi swa vutihlanganisi","",""
"television","TV","","","","televisie","TV","","","isiteshi sikamabonakude","","","","umabonakude","","","","","mabonakhashane","mabonekudzeni","ithelevishini","","","irherhomabonwakude","","","","tlhagisotshwantsho","","","","","","thelebišene","thelevišese","","","","","thelevishene","TV","","theḽevishini","TV","","thelevhixini","TV",""
"television","television set","TV set","television","","televisie","TV","televisiestel","TV-stel","umabonakude","","","","umabonakude","","","","","mabonakhashane","mabonekudzeni","ithelevishini","i-TV","","ithelevitjhini","umabonwakude","","","thelebišene","","","","","","thelebišene","thelevišene","","","","","thelevishene","","","sethe ya theḽevishini","","","thelevhixini","",""
"television licence","TV licence","","","","televisielisensie","TV-lisensie","","","ilayisense kamabonakude","","","","ilayisenisi kamabonakude","iphepha-mvume likamabonakude","ilaysensi kamabonakude","","","ilayisensi yethelevishini","","","","","ilayisensi yethelevitjhini","ilayisensi kamabonwakude","","","tshupatetla ya thelebišene","laesense ya thelebišene","","","","","laesense ya thelebišene","laesense ya thelevišene","laesentshe ya thelebišene","laesentshe ya thelevišene","","","laesense ya thelevishene","","","ḽaisentsi ya theḽevishini","","","layisense ya thelevhixini","",""
"transmit","","","","","send","","","","ukusakaza","","","","ukuthumela","ukugqithisa","ukuhambisa","ukudlulisa","","sabalalisa","","","","","rhatjha","","","","gasa","","","","","","gaša","romela","phatlalatša","","","","hasa","","","rathisa","","","haxa","fambisa",""
"troubleshooting","","","","","foutopsporing","foutsporing","","","ukuthungatha inkinga {kusiqoqelilwazi}","","","","ukuphanda inkathazo","ukufumanisa ingxaki","ukukhangela ingxaki","","","kutfungatsa inkinga","","","","","ukuzunywa bulungiswa kwemitjhapho","","","","tshekatshekotshiamiso","","","","","","go nyakišiša le go phošolla","","","","","","ditokiso","","","vhulugisi","","","ndzulamiso-xitironiki","",""
"video","","","","","video","","","","ukuqoshwa kwesithombe sevidiyo","","","","isishicileli-miboniso","","","","","ividiyo","","","","","ividiyo","","","","kgatisotshwantsho","","","","","","kgatišo ya medumo le ditshwantšho","","","","","","vidiyo","","","u dzhia vidio","","","vhidiyo","",""
"video cassette recorder","VCR","video recorder","video cassette player","video","videomasjien","","","","isiqophamakhasethi sevidiyo","","","","umatshini wevidiyo","","","","","sidlali makhasethi e-vidiyo","sidlali ma-VCR","umshini wevidiyo","i-VCR","","isibonisisidlalisimdumo","i-VCR","isigadangisi sevidiyokhasede","","kgatisatshwantsho","setshwantshikgatisi","","","","","seralokakhasete ya bidio","seralokakhasete ya vidio","sebapalakhasete ya vidio","seralokakhasete ya vidio","segatišadikhasete tša vidio","","motjhini wa vidiyo","","","VCR","tshirekhodavidio","tshitambavidio","muchini wa vhidiyo","",""
"video tape","video cassette","","","","videoband","videokasset","","","ikhasethi yevidiyo","","","","itheyipu yomboniso","ikhasethi yevidiyo","ividiyo","","","ithephu yevidiyo","","","","","ividiyokhasede","","","","bideo theipi","theipi ya setshwantshikgatisi","","","","","khasete ya bidio","khasete ya bitio","khasete ya vidio","","","","vidiyokhasete","","","theiphi ya vidio","","","khasete ya vhidiyo","",""
"virtual","","","","","virtueel","","","","isingamfanekiso sesiqoqelalwazi","","","","eqikelelwayo","ecingelwayo","ethekelelwayo","","","ngebuchwepheshemungcwi","","","","","-sabukhona","","","","setshwantshokgopolo","","","","","","sekaphelohlangwa ke khomphyutha","sekaphelohlangwa ke khomphiutha","","","","","sekannete","sethetsa","","tshiedziswa tsha kholekhole","","","xipfampfarhutwa {hi khomphyuta}","",""
"webmaster","","","","","webmeester","werfmeester","","","umlawuli wesizindalwazi","","","","ingcali kulawulo lweintanethi","","","","","umlawuliwebhu","","","","","usowebhusayidi","usobunzinzolwazi","","","mosefaramogolo","","","","","","molaodi wa sefepikgokanyi inthaneteng","wepmastara","","","","","molaodi wa inthanete","","","rawebe","","","n’wa-webusayiti","",""
"web page","","","","","webblad","","","","ikhasi lesizindalwazi","","","","iphepha elikwi-intanethi","","","","","likhasiwebhu","","","","","ikhasi lobunzinzolwazi","ikhasi lewebhusayidi","","","tsebe ya inthanete","","","","","","letlakala la inthanete","webpheitši","weppheitši","","","","leqephe la inthanete","","","siaṱari ḽa webe","","","pheji ra webusayiti","",""
"website","","","","","webwerf","webruimte","webtuiste","","isizindalwazi","","","","iwebhusayithi","isiza solwazi","isiza seintanethi","","","iwebhusayithi","","","","","ubunzinzolwazi","iwebhusayidi","","","setsha sa inthanete","webesaete","","","","","setsha sa inthanete","websaete","wepsaete","","","","setsha sa inthanete","","","websaithi","","","webusayiti","",""
"wide area network","WAN","","","","wyeareanetwerk","WAN","","","uhleloxhumano olusabalele","uhleloxhumano olumgamubanzi","","","isitishi samaza selizwe lonke","","","","","luhlelochumano lolumgamubanti","i-WAN","","","","ithungelelwanothintano elibanzi","i-WAN","","","kgokaganokatologano","","","","","","kgokagano ye e nabilego","netweke ye e nabilego","","","","","marangrang a phatlalletseng","","","WAN","vhuṱumanyi ha mupo ho ṱanḓavhuwaho","","WENE","vuhlanganisi bya tikhomphyuta hi ku anama","ntirhisano wa tikhomphyuta hi ku anama"
"wireless","","","","","draadloos","","","","ukuxhumana okungenantambo","","","","unxibelelwano kungasetyenziswa zintambo","unxibelelwano olungenazintambo","unxibelelwano olungenazingcingo","","","iwayilesi","","","","","ukurhatjha ngezizwambiko","","","","tlhaeletsanokhubu","tlhaeletsano ka radio","","","","","kgašo ya maphoto","kgašo ya ntle le metato","","","","","mhlokathapo","","","khasho nga radio","waiḽese","radio","wayilese","",""
"wireless application protocol","WAP","","","","draadloseapplikasie-protokol","WAP","","","uhlelokusebenza lwezokuxhumana olungenantambo","","","","iprogram yekhompyutha engasebenzisi zingcingo zonxibelelwano","iprogram yekhompyutha engasebenzisi zintambo zonxibelelwano","","","","i-WAP","luhlelokusebentisa lwetekuchumana","luhlelonchubo lwekusebenta kwewayilesi","","","i-WAP","ikghonakalisothintwano eline-inthanethi","","","thulaganotlhaeletsanokhubu","","","","","","lenaneotirišo la kgokagano ntle le metato","","","","","","metlaetutswe e se nang thapo","","","WAP","zwishumiswa zwoṱhe zwa waiḽese","","WEPE","",""
"World Wide Web","WWW","","","","Wêreldwye Web","WWW","wêreldwye web","www","isizindalwazi sokuxhumana somhlaba jikelele","","","","uthungelwano lwehlabathi kwi-intanethi","i-WWW","","","","i-WWW","","","","","iWebhusayidi yePhasi Zombelele","ubuNzinzolwazi bePhasi Zombelele","","","inthanete ya lefatshe ka bophara","","","","","","kgokagano ya lefaselohle inthaneteng","","","","","","marangrang a phatlalletseng","www","","webe yo ṱanganyaho shango","","","www","Webe ya Misava Angarhelo",""
