id,eng__001,eng__002,eng__003,eng__004,afr__001,afr__002,zul__001,zul__002,zul__003,xho__001,xho__002,xho__003,xho__004,ssw__001,ssw__002,ssw__003,ssw__004,nde__001,nde__002,nde__003,nde__004,tsn__001,tsn__002,tsn__003,tsn__004,nso__001,nso__002,nso__003,nso__004,nso__005,nso__006,sot__001,sot__002,sot__003,sot__004,sot__005,ven__001,ven__002,ven__003,ven__004,tso__001,tso__002
dsac_multi_soc_00001,terminate,abandon {match},,,afgelas {wedstryd},,-misa {umdlalo},,,ukuchitha umdlalo,,,,misa {umdlalo},,,,-qintela {umdlalo},,,,emisa,phimola,,,fediša {papadi},,,,,,emisa,fedisa,,,,kaṱudza {mutambo},,,,yimisa {ntlangu},
dsac_multi_soc_00002,foul language,abusive language,,,beledigende taal,skeltaal,inhlamba,,,intetho ekrwada,,,,lulwimi loluhlambalatako,kwetfuka,kuhlambalata,,ihlamba,ukuthukana,,,puothogako,puotshotlo,,,polelomahlapa,polelomaroga,,,,,tlhapa,,,,,u semana,,,,ririmi ro ka ri nga amukeleki,
dsac_multi_soc_00003,accidental collision,,,,toevallige botsing,,ukungqubuzana ngephutha,ukushayisana ngephutha,,ukungqubana ngempazamo,ukugilana ngempazamo,,,kungcundzana,kushayisana,,,ukuqhulana ngengozi,ukuqhulana ngephoso,ukutjhayisana ngengozi,ukutjhayisana ngephoso,thulano ka phoso,,,,thulano ka phošo,,,,,,ho thulana ka phoso,,,,,u thulana hu songo lavhelelwaho,u kuḓana hu songo lavhelelwaho,,,ntlumbano hi xihoxo,
dsac_multi_soc_00004,advantage clause,advantage rule,advantage law,,voordeelreël,,umthetho wokubonelela,umthetho wokuzwela,,igunya likasompempe,ilungelo likasompempe,,,umtsetfo lovunako,,,,umthetho ovumelako,indinyana evumelako,,,molawanatshiamelo,,,,molao wa go fa monyetla,molao wa go fa sebaka,,,,,molawana o fanang ka monyetla,,,,,mulayo wa u fha tshikhala,,,,xinawana xa mpfuneto,
dsac_multi_soc_00005,African Champions League,,,,Afrika-kampioeneliga,,uMqhudelwano Wompetha Beligi Base-Afrika,,,iLigi yooMpondozihlanjiwe baseAfrika,iLigi yeeNtshatsheli zaseAfrika,,,Iligi Yaboshampheni Base-Afrika,,,,iLigi yeenKutani ze-Afrika,,,,Lliki ya ditshimega tsa Aforika,Lliki ya Bommampodi ba Aforika,,,Lliki ya Dinkgwete tša Afrika,,,,,,Liki ya Bompodi ba Aforika,,,,,Ḽigi ya Ngweṋa dza Afrika,,,,Ligi ya Tinghwazi ta Afrika,
dsac_multi_soc_00006,African Cup of Nations,,,,Afrika-nasieskampioenskap,,iNdebe Yamazwe Ase-Afrika,,,iNdebe yaMazwe aseAfrika,,,,Indzebe Yemave Ase-Afrika,,,,iBhigiri yeenTjhaba ze-Afrika,,,,Sejana sa Dinaga tsa Aforika,Sekgele sa Dinaga tsa Aforika,,,Sebjana sa Dinaga tša Afrika,Mogopo wa Dinaga tša Afrika,,,,,Mohope wa Dinaha tsa Aforika,,,,,Tshiphuga tsha Mashango a Afrika,,,,Khapu ya Matiko ya Afrika,
dsac_multi_soc_00007,amateur,,,,amateur,,umdlali osafufusa,,,umdlali osakhasayo,umdlali osaqingqayo,,,umdlali losakhasa,,,,umafundana,,,,magogorwane,,,,magogorwane,setlaboswana,,,,,maithutwana,makgokgorwana,,,,mutambi a sa tambeli malamba,,,,mutlangi wa madyondza,
dsac_multi_soc_00008,application {law},,,,toepassing {reël},,ukusetshenziswa {komthetho},,,ukusetyenziswa komthetho ngusompempe,,,,kusetjentiswa {umtsetfo},,,,ukusetjenziswa {umthetho},,,,tiragatso,,,,tirišo {molao},,,,,,tshebediso {molao},,,,,u shumisa {mulayo},,,,matirhiselo {ya nawu},
dsac_multi_soc_00009,assistant coach, assistant trainer,,,hulpafrigter,,umsizimlolongi,isekelamqeqeshi,,usekela-mqeqeshi,umncedisi-mqeqeshi,,,umsitimceceshi,umsiti wemceceshi,,,isekelambanduli,,,,mothusamokatisi,,,,mothušamohlahli,mothušamorutantšhi,,,,,mothusi wa mokwetlisi,,,,,muthusamugudisi,,,,mupfunamudzaberi,
dsac_multi_soc_00010,assistant referee,linesman,,,lynregter,,umsizi kanompempe,umsizi kanondweba,,usekela-sompempe,umncedisi-sompempe,,,umsiti wasomfengwane,umsiti wemphatsimdlalo,umsiti wasompempe,,umsizisofengwana,,,,mothusamolaolamotshameko,mothusamoletsaphala,,,mothušamalokwane,,,,,,mothusi wa moletsaphala,mothusi wa moteaphala,mothusi wa molaolapapadi,,,muthusamalogwane,muthusamulangamutambo,,,mupfunan'watipempe,
dsac_multi_soc_00011,assistant referee's flag,,,,lynregtersvlaggie,,ifulegi lomsizi kanompempe,iduku lomsizi kanompempe,,iflegi kasekela-sompempe,iflegi kamncedisi-sompempe,,,umbhelebhele wemsiti wasomfengwane,umbhelebhele wemsiti wasompempe,,,iflarha yomsizisofengwana,,,,folaga ya mothusamoletsaphala,folaga ya mothusamolaolamotshameko,,,folaga ya mothušamalokwane,,,,,,folakga ya mothusi wa moletsaphala,folakga ya mothusi wa moteaphala,folakga ya mothusi wa molaolapapadi,,,fuḽaga ya muthusamulangamutambo,fuḽaga ya muthusamalogwane,,,mujeko wa mupfunan'watipempe,
dsac_multi_soc_00012,attack v.,,,,aanval,,-hlasela,,,ukuhlasela,ukufunz'edabini,,,-hlasela,-gadla,,,-sahlela,,,,tlhasela,,,,hlasela,,,,,,hlasela,futuha,,,,ṱasela,,,,hlasela,
dsac_multi_soc_00013,attacker,forward,striker,,doelskieter,,umgadli,ifolosi,,umhlaseli,ufunz'edabini,ifolosi,,inhlonhloloti,lifolosi,umhlaseli,umgadli,umsahleli,umgaleli,,,motlhasedi,,,,mohlasedi,,,,,,mohlasedi,mofutuhi,,,,muṱhaseli,,,,muhlaseri,
dsac_multi_soc_00014,attacking team,attacking side,,,span wat aanval,span op die aanval,iqembu elihlaselayo,,,iqela elihlaselayo,iqela elifunz'edabini,,,licembu lelihlaselako,licembu leligadlako,,,isiqhema esisahlelako,,,,setlhopha se se tlhaselang,,,,sehlopha se se hlaselago,,,,,,sehlopha se hlaselang,sehlopha se futuhang,,,,thimuṱhaseli,,,,xipanu lexi hlaselaka,
dsac_multi_soc_00015,away game,,,,wegwedstryd,,umdlalo wasekuhambeni,,,umdlalo ongekho khaya,umdlalo wangaphandle,,,umdlalo wasekuhambeni,umdlalo wangaphandle,,,umdlalo wekukhambeni,,,,motshameko wa kwa ntle,,,,papadi ya go se ralokelwe gae,,,,,,papadi eo eseng ya lehae,,,,,mutambo wa nnḓa,,,,ntlangu wa le handle,
dsac_multi_soc_00016,away goal rule,,,,wegdoelreël,,umthetho wegoli lasekuhambeni,,,umgaqo wenqaku elisisipho kumdlalo ongekho khaya,umgaqo wenqaku elisisipho kumdlalo wangaphandle,,,umtsetfo weligoli lasekuhambeni,umtsetfo weligoli langaphandle,,,umthetho wamagondelo wekukhambeni,,,,molawana wa go nosa dino fa o etile,molawana wa dino tsa kwa ntle,,,molao wa dino tša go nwešwa fao e sego gae,,,,,,molao wa dintlha papading eo eseng ya lehae,,,,,mulayo wa tshikoro tsha mutambo wa nnḓa,,,,nawu wa tigolo leti howisiweke ehandle,
dsac_multi_soc_00017,backheel v.,,,,hakskop,,-shaya isithende,,,ukukhaba ngesithende,ukubetha ngesithende,,,-shaya sitsendze,ngesitsendze,,,-betha ngesithende,-rarha ngesithende,,,go ja ka serethe {go hila},,,,raga ka serethe,,,,,,raha ka serethe,,,,,u raha nga tshirethe,,,,raha hi xirhendze,
dsac_multi_soc_00018,back pass n.,backward pass,ball back,,agtertoe-aangee,aangee agtertoe,ukukhahlelela emuva,,,ukupasela emva,ukukhabela emva,,,kuphasela emuva,,,,ibuyiselomva,,,,thagelomorago,,,,thagelomorago,,,,,,ho rahela morao,,,,,thahelamurahu,,,,nyiketondzhaku,
dsac_multi_soc_00019,ballboy,,,,baljoggie,,umlandibhola,,,inkwenkwana echola ibhola,,,,umlandzibhola,,,,umsanebholo,,,,moseladikgwele,,,,mošemane wa go topa dikgwele,,,,,,molatadibolo,,,,,mutukana wa u dobela bola,,,,n`watibolo,
dsac_multi_soc_00020,ball distribution,,,,balverspreiding,,ukuphaka ibhola,ukutshala ibhola,,ukupaselana,ukunikezelana,,,kuniketa ibhola,kutjala ibhola,,,ukudlulisa ibholo,,,,neeletsanokgwele,,,,kabelano ya kgwele,neeletšano ya kgwele,go fana kgwele,go ragelana kgwele,,,ho rahelana bolo,,,,,kuṋekanele kwa bola,,,,nyiketanelo ra bolo,mahangalaselo ya bolo
dsac_multi_soc_00021,ball out of play,,,,bal buite spel,,ibhola eliphumele ngaphandle,,,ibhola ephumele ngaphandle,,,,ibhola lephumele ngaphandle,,,,ibholo engadlaliko,ibholo engayelwako,,,kgwele e e tswetsengntle,kgwele e e seng mo motshamekong,,,kgwele yeo e emišitšwego,,,,,,bolo e tswile lebaleng,,,,,bola yo bvelaho nnḓa,mutambo wo imiswa,,,bolo leyi nga riki ku tlangiweni,
dsac_multi_soc_00022,ball possession,,,,balbesit,,ukugcinwa kwebhola,,,ubude bexesha ibhola ikwiqela elithile,,,,sikhatsi sekugcina ibhola,,,,ukuphathwa kwebholo,,,,tshwarokgwele {nako e e rileng},,,,tshwaro ya kgwele papading,,,,,,nako ya taolo ya bolo,,,,,u vha na bola,,,,mpimomakhomelo ya bolo,
dsac_multi_soc_00023,ball to the hand,,,,handbal,,ukushaywa ibhola esandleni,,,ukubetheka kwebhola esandleni,,,,ibhola leshaye sandla,,,,ibholo ethinte isandla,,,,kgwelelebogong,,,,kgweleletsogong,,,,,,bolo e otla letsoho,,,,,u rwiwa tshanḓa nga bola,,,,ku biwa voko hi bolo,
dsac_multi_soc_00024,best young player award,,,,beste-jong-speler-toekenning,,umklomelo womdlali osemncane ovelele,,,iwonga elinikwa umdlali oselula obalaseleyo,imbasa enikwa umdlali oselula obalaseleyo,,,umklomelo wemdlali losemncane lovelele,,,,unongorwana womdlali osesemncani ophambili,,,,kabo ya motshameki yo monnye yo o gaisitseng,,,,sefoka sa sebapadi se se kaonekaone legorong la bafsa,,,,,,kgau ya sebapadi se senyane se hlwahlwa,,,,,pfufho ya mutambi muṱuku wa khwiṋesa,,,,sagwadi ra xitlangi lexitsongo,
dsac_multi_soc_00025,bicycle kick,,,,wawielskop,,uqethu,,,iskafido,ukukhaba uqethukile,,,kukhahlela ucetfuke,kukhahlela sibhayisikili,,,umkalangwana,iphendu,,,mokanangwana,,,,mokanangwana,,,,,,mokalangwane,,,,,u raha tshibaisigila,u raha tshibaisigira,,,marahelo ya xibayisikiri,
dsac_multi_soc_00026,block tackle,,,,blok,,ubuciko bokuhlwitha ibhola,,,ubuchule bokuhlutha nokukhusela ibhola,ubuchule bokuhlutha nokuthintela ibhola,,,kuvimbela,,,,ukuvimba ngebatha,,,,tsenyoleoto,thibelo,kganelokgwele,go tlama,sekgeno,sekhino,tlhaselo ka thibelo,mokhuno,go bofa,go tlema,ho tlama,ho kgina,,,,u thivha,,,,nkavanyeto,
dsac_multi_soc_00027,body check,,,,lyfblok,,ukuvimba ngomzimba,,,ukuthintela ngomzimba,ukuxaba ngomzimba,,,kuvimbela ngemtimba,,,,ukuvimba ngomzimba,,,,kgoreletso ka mmele,,,,diša ka mmele,,,,,,ho sitisa,,,,,u thivhela nga muvhili,,,,nsivelo hi miri,nsirhelelo hi miri
dsac_multi_soc_00028,breakaway,,,,wegbars,wegbreek,ukudlubulundela,ukuphunyuka,,ukuphuncuka,uqhekez'udonga,,,kuphunyuka,,,,ukuphunyurha,,,,tšhwamoga,sutlha,,,phonyokgo,,,,,,phonyoha,ho tswa tjaro,,,,u ponyoka,u tshoṱa,,,mphunyuko,
dsac_multi_soc_00029,bring the game into disrepute,,,,die spel in onguns bring,,ukudicilela phansi isithunzi somdlalo,ukuhudula isithunzi somdlalo,,ukuhlazisa umdlalo,,,,kwehlisa sitfunti semdlalo,,,,-ehlisa isithunzi somdlalo,,,,go diga serodumo sa motshameko,go gogobisa motshameko mo seretseng,,,šašarakanya papadi,šašarakantšha papadi,,,,,ho senya seriti sa papadi,ho tlontlolla papadi,,,,u thithisa ndaulo ya mutambo,,,,ku onha ntlangu,
dsac_multi_soc_00030,broadcast n.,,,,uitsending,,ukusakaza,,,usasazo,,,,kusakatwa,,,,ukurhatjha,,,,kgaso,,,,kgašo,,,,,,kgaso,,,,,khasho,,,,vuhaxi,
dsac_multi_soc_00031,broadcasting rights,,,,uitsaairegte,,amalungelo okusakaza,,,amalungelo osasazo,,,,emalungelo ekusakata,,,,amalungelo wokurhatjha,,,,ditshwanelokgaso,,,,ditokelo tša go gaša,,,,,,ditokelo tsa kgaso,,,,,pfanelo dza u hasha,,,,timfanelo to haxa,
dsac_multi_soc_00032,CAF,African Football Confederation,,,Konfederasie van Afrika-voetbal,,i-CAF,iNhlangano Eyengamele Ezikanobhutshuzwayo E-Afrika,,iCAF,iMbumba yaMazwe aseAfrika yeBhola eKhatywayo,,,i-CAF,Inhlangano Yelibhola Letinyawo e-Afrika,,,i-CAF,iHlangano ePhetheko yeBholo eRarhwako yamaZwe weAfrika,,,CAF,Mokgatlho wa Kgwele ya Dinao wa Aforika,,,CAF,Lekgotlakopano la Kgwele ya Maoto la Afrika,Lekgotlakopano la Kgwele ya Dinao la Afrika,,,,CAF,Bolaodi ba Bolo ya Aforika,,,,CAF,Dzangano ḽi langaho Bola ya milenzhe ḽa Afrika,,,CAF,Nhlangano wa Bolo wa Afrika
dsac_multi_soc_00033,camp n.,,,,oefenkamp,,ikhempu,,,inkampu,,,,inkambu,,,,isikaniso,ikampa,,,kampa,botlhaolelo,,,kampa,,,,,,kampo,,,,,gammba,,,,kampa,
dsac_multi_soc_00034,cap n.,,,,verskyning vir jou land,,ukuqokelwa eqenjini lesizwe,ukukhethelwa eqenjini lesizwe,,ukuthweswa indwe,ukuhlonitshwa komdlali,,,emahlandla ekudlalela sive,ikhephu,emahlandlakuvela,,ukuhlonitjhwa komdlali,,,,lekgetlotshameko,,,,tlhompho ya kgathotema papading ya bosetšhaba,,,,,,tlotlo,,,,,u tamba kha thimu ya lushaka,,,,xifundzo,
dsac_multi_soc_00035,captain n.,skipper,,,kaptein,,ukaputeni,,,ikhapteni,inkokheli yeqela,,,kaputeni,,,,ukapteni,,,,mokapotene,,,,mokapotene,,,,,,mokapotene,,,,,mukapuṱeni,mulangavhatambingae,,,kaputeni,
dsac_multi_soc_00036,captain's armband,,,,kapteinsband,,ibhande likakaputeni,,,umxhaka kakhapteni,ibhanti kakhapteni,,,libhande lakaputeni,,,,ibhande likakapteni,,,,lebanta la bokapotene,,,,lepanta la bokapotene,,,,,,lebanta la bokapotene,,,,,bannda ḽa mukapuṱeni,bannda ḽa mulangavhatambingae,,,bandi ra vukaputeni,
dsac_multi_soc_00037,caution a player,take a name,,,'n speler waarsku,,ukuxwayisa umdlali,,,ukukhalimela umdlali,ukulunyukiswa komdlali,,,cwayisa umdlali,,,,-yelelisa umdlali,,,,neelokarata e e serolwana,,,,kgalemela sebapadi,lemoša sebapadi,,,,,ho hlokomedisa sebapadi,,,,,u kaidza mutambi nga garaṱaṱaḓa,u ṋea mutambi garaṱaṱaḓa,,,tshinya mutlangi,
dsac_multi_soc_00038,central circle,centre circle,,,middelsirkel,,inkaba yenkundla,,,isangqa esisesazulwini sebala,isangqa esisembindini webala,,,enkhabeni,,,,isiyingilizi sekaba yekundla,,,,khubu ya lebala,,,,ntikodiko ya gare,sediko sa bogareng,,,,,sedikadikwe mokgubung,,,,,tshitendeledzi tsha vhukati,,,,xirhendzevutanaxikarhi,
dsac_multi_soc_00039,central defence,,,,middelverdedigers,,abadlali abangumgogodla emuva,,,umdlali othintelayo ophakathi,,,,titobha,,,,abakhandeli baphakathi,,,,motshamekamoragogare,,,,bahlabaneladino ba bogareng,,,,,,tshireletso e bohareng,,,,,vhatambamurahu vha vhukati,,,,vatlangandzhakuxikarhi,
dsac_multi_soc_00040,centre flag,halfway flag,,,middellynvlag,,ifulegi eliphakathi nendawo,ifulegi eliqondene nenkaba yenkundla,,iflegi ekwisiqingatha sebala,,,,umbhelebhele wenkhabeni,,,,iflarha yephakathi letatawu,iflarha yephakathi lekundla,,,folaga ya molagare,,,,folaga ya bogareng,,,,,,folakga e bohareng,,,,,fuḽaga ya vhukati,,,,mujeko wa le matlheloxikarhi,
dsac_multi_soc_00041,centre line,halfway line,,,middellyn,,umugqa osenkabeni yenkundla,,,umgca osesazulwini,umgca osembindini,,,umlayini losenkhabeni,umugca losenkhabeni,,,umuda wephakathi letatawu,umuda wephakathi lekundla,,,molagare,,,,mothaladi wa bogareng,mothalogare,,,,,molahare,,,,,mutalo wa vhukati,mutalo wa phandamudavhi,,,ntilaxikarhi,
dsac_multi_soc_00042,centre mark,centre spot,,,middelkol,middelkolletjie,umaki osenkabeni yenkundla,ichashazi elisenkabeni yenkundla,,inkaba yebala,ichaphaza elisesizikithini sebala,,,luphawu lwasenkhabeni,,,,ikaba yetatawu,ikaba yekundla,,,letshwao la khubu,,,,mokhubo wa lepatlelo,,,,,,mokgubu,,,,,luswayo lwa vhukati,,,,mfunghoxikarhi,
dsac_multi_soc_00043,challenge n. {for ball possession},,,,wedywering {om balbesit},,ukubanga {ibhola},ukulwela {ibhola},,ubangiswano ngebhola,ukulwela ibhola,,,kubanga,,,,ukubangelana,,,,phegisano,,,,phenkgišano,pakišano,,,,,tsekisano,phephetsano,,,,u lwela {bola},,,,mbangisano {bolo},
dsac_multi_soc_00044,challenge v. {for ball possession},,,,wedywer {om balbesit},,-banga,-lwela,,ukubangisana ngebhola,ukulwela ibhola,,,-banga,,,,-bangelana,,,,phegisana,,,,phenkgišana,bakišana,,,,,tsekisana,phephetsana,,,,u lwela,,,,vangisana,
dsac_multi_soc_00045,change room,dressing room,tog room,,kleedkamer,,igumbi lokugqokela {abadlali},indlu yokugqokela {abadlali},,igumbi lokunxibela abadlali,igumbi lokutshintshela,,,intjintjawozi,,,,ikumba yokwembathela,,,,phaposiboaparelo,boaparelo jwa batshameki,,,phapošiboaparelo,,,,,,phaposi ya boitokiso,phaposi ya boitlhophiso,,,,lufhera lwa u ambarela,,,,kamara ro ambalela,
dsac_multi_soc_00046,charge an opponent,,,,'n opponent storm,'n opponent stormloop,ukumaka,,,ukumaka,,,,kusukela imbangi,,,,-walazela umbangisani,,,,tlhasela motshamekakgatlhanong,,,,hlasela mophenkgišani,hlasela mmakišani,,,,,hlasela,futuhela,kgorohela,,,u lwela bola,,,,hlanganisa,
dsac_multi_soc_00047,charge an opponent from behind,,,,'n opponent van agter storm,'n opponent van agter stormloop,ukumaka ngemuva,,,ukumaka uvela ngasemva,,,,kusukela imbangi ngemuva,,,,-walazela umbangisani ngemva,,,,-gwetlha,tlhasela motshamekakgatlhanong go tswa kwa morago,,,latelela mophenkgišani go tšwa ka morago,,,,,,ho hlasela kamorao,ho futuhela kamorao,ho kgorohela kamorao,,,u lwela nga murahu,,,,phija,
dsac_multi_soc_00048,charge fairly,,,,korrek storm,korrek stormloop,ukumaka okuvumelekile,,,ukutyhalana ngokuvumelekileyo,,,,kusundvuta ngalokwemukelekile,,,,-maga kuhle,,,,tlhasela sentle,,,,phenkgišana ka maleba,bakišana ka maleba,,,,,theselana,ho bapadisa hantle,,,,u lwela lwo tendelwaho,,,,tshwimbirisana,
dsac_multi_soc_00049,charge in a dangerous manner,,,,op gevaarlike wyse storm,op gevaarlike wyse stormloop,ukumaka okuyingozi,,,ukumaka ngokungenankathalo,ukumaka ngendlela eyingozi,,,kumakha lokuyingoti,,,,-maga ngendlela eyingozi,,,,tlhasela makgwakgwa,,,,phenkgišana ka mokgwa wa kotsi,bakišana ka mokgwa wa kotsi,hlasela ga kotsi,,,,tlhaselo e kotsi,phutuhelo e kotsi,kgorohelo e kotsi,,,u lwela nga nḓila ya khombo,,,,siva hi tihanyi,
dsac_multi_soc_00050,chase the ball,,,,die bal jaag,,ukuhubha ibhola,ukujaha ibhola,,ukuleqa ibhola,,,,gijimisa ibhola,cosha ibhola,,,-gijimisa ibholo,,,,tebela kgwele,lelekisa kgwele,,,lelekiša kgwele,kitimiša kgwele,,,,,lelekisa bolo,,,,,u gidimela bola,,,,hlongorisa bolo,
dsac_multi_soc_00051,chest trap v.,,,,bal op die bors vang,bal met die bors keer,-vimba ibhola ngesifuba,,,ukuthintela ibhola ngesifuba,ukunqanda ibhola ngesifuba,ukubamba ibhola ngesifuba,,-bamba ngesifuba,,,,-dlala ngesifuba,-bamba ngesifuba,,,laola ka mafatlha,tshwara ka mafatlha,,,emiša kgwele ka kgara,,,,,,thiba ka peta,kgina ka peta,laola ka peta,,,u langa nga khana,,,,siva hi xifuva,
dsac_multi_soc_00052,chip n. {short or long},,,,boogaangee {kort of lank},,ukweqisa ibhola,,,ukutsibisa ibhola ngobuchule,ukuqabelisa ibhola ngobuchule,,,kucuphula ibhola,,,,ukweqisa ibholo,,,,tlodisokgwele,,,,tshedišo ya kgwele ka go e tsuputša,,,,,,ho kga bolo,,,,,u pfukisa bola,,,,ntluriso,
dsac_multi_soc_00053,choice of ends n.,,,,speelkantkeuse,,ukukhetha amapali,,,ukukhetha iipali,ukukhetha icala,,,kukhetsa emapali,,,,ukukhetha amapali,,,,tikolosoledi,,,,kgetho ya go iša,kgetho ya lehlakore,,,,,ho kgetha lehlakore,,,,,u nanga masia,,,,nhlawulotlhelo ra tipala,
dsac_multi_soc_00054,circumvent the law v.,,,,die reël omseil,die reël ontduik,-phula umthetho ngobuqili,,,ukuphepha isolotya lomthetho,,,,balekela umtsetfo,,,,-gegeda umthetho,,,,-tsietsamolao,,,,jabetša molao,,,,,,iphapanyetsa molao,ho etsa ihlwana,,,,u tinya mulayo,,,,honisa nawu,
dsac_multi_soc_00055,club,,,,klub,,iqembu lebhola,,,iklabhu,iqela lebhola,,,licembu,,,,isiqhema,itlabhu,,,setlhopha,,,,sehlopha,,,,,,sehlopha,,,,,kiḽaba,,,,xipanu,
dsac_multi_soc_00056,club assistant referee,,,,klubgrensregter,,umsizi kanompempe ojutshwe yiqembu,umsizi kanondweba ojutshwe yiqembu,,usekela-sompempe weklabhu,usekela-sompempe weqela lebhola,,,umsiti wasomfengwane welicembu,umsiti wasompempe welicembu,,,umsizisofengwana wesiqhema,,,,mothusamolaolamotshameko,mothusamoletsaphala wa setlhopha,,,mothušamalokwane wa sehlopha,,,,,,mothusi wa moteaphala wa sehlopha,mothusi wa moletsaphala wa sehlopha,mothusi wa molaolapapadi wa sehlopha,,,muthusamulangulamutambo wa kiḽaba,muthusamalogwane wa kiḽaba,,,mupfunetan'watipempe wa xipanu,
dsac_multi_soc_00057,club committee,,,,klubkomitee,,isigungu seqembu lebhola,ikomidi leqembu lebhola,,ikomiti yeklabhu,ikomiti yeqela lebhola,,,ikomiti yelicembu,,,,ikomidi yesiqhema,,,,lekgotlhana la setlhopha,komiti ya setlhopha,,,komiti ya sehlopha,,,,,,komiti ya sehlopha,,,,,komiti ya kiḽaba,,,,komiti ya xipanu,
dsac_multi_soc_00058,club official,,,,klubbeampte,,isikhulu seqembu,,,igosa leklabhu,igosa leqela lebhola,,,sikhulu selicembu,,,,isiphathiswa sesiqhema,,,,motlhankedi wa lekgotlana,motlhankedi wa setlhopha,,,mošomedi wa sehlopha,modiredi wa sehlopha,,,,,ofisiri ya sehlopha,moemedi wa sehlopha,,,,muofisiri wa kiḽaba,,,,xirho xa vufambisi bya xipanu,
dsac_multi_soc_00059,coach n.,head coach,trainer,,afrigter,breier,umlolongi,umqeqeshi,,umqeqeshi,ukhowutshi,,,umceceshi,umlolongi,,,umbanduli,,,,mokatisi,,,,mohlahli,morutantšhi,,,,,mokwetlisi,,,,,mugudisi,,,,mudzaberi,
dsac_multi_soc_00060,competition draw,,,,kompetisieloting,kompetisietrekking,ukuqhathwa kwamaqembu,,,uthelekiso lwamaqela,,,,kuchatsanisa emacembu,,,,umenyulo,umdoso wephaliswano,,,kgôgô,,,,matengwa a phadišano,,,,,,lotho ya tlhodisano,,,,,madeṅwa a muṱaṱisano,,,,mpananiso wa swipanu,
dsac_multi_soc_00061,Confederation of Southern African Football Associations,COSAFA,,,COSAFA,Sokkerverenigingskonfederasie van Suider-Afrika,i-COSAFA,uMfelandawonye Wezinhlangano Zikanobhutshuzwayo ZaseNingizimu Ne-Afrika,,iCOSAFA,iMbumba yeMibutho yaMazantsi Afrika yeBhola eKhatywayo,,,i-COSAFA,Inhlangano Yelibhola Letinyawo e-Afrika LeseNingizimu,,,i-COSAFA,IHlangano yeBholo eRarhwako yamaZwe we-Afrika eseSewula,,,COSAFA,Mokgatlho wa Kgwele ya Dinao wa Borwa jwa Aforika,,,COSAFA,Lekgotlataolo la Mokgatlo wa Kgwele ya maoto ya Borwa bja Afrika,,,,,COSAFA,Mokgatlo wa Bolaodi ba Bolo Dinaheng tsa Aforika e ka Borwa,,,,COSAFA,Ṱhanganelano ya Madzangano a Bola ya Milenzhe a Tshipembe ha Afrika,,,COSAFA,Nhlangano wa Bolo wa Dzonga wa Afrika
dsac_multi_soc_00062,corner arc,arc of a circle,,,hoekboog,,indawo yokubeka ikhona,,,indawo yokukhabela ikona,,,,indzawo yekukhahlela ikhona,indzawo yekususa ikhona,,,igobela lehugu,,,,mothalo wa sekhutlo sa lebala,mola wa sekhutlo sa lebala,,,mothalosekabora wa sekhutlong,,,,,,lekekema la sekgutlo,huku,,,,mutalo wa khuḓa,,,,ndzhawu ya khona,ndzhawu ya huku
dsac_multi_soc_00063,corner flag,corner flag post,,,hoekvlag,,iduku lekhona,ifulegi lekhona,,iflegi yasekoneni,,,,umbhelebhele welikhona,,,,iflarha lehugu,,,,folaga ya sekhutlo,,,,folaga ya sekhutlong,,,,,,folakga ya sekgutlo,folakga ya huku,,,,fuḽaga ya khuḓa,,,,mujeko wa khona,mujeko wa huku
dsac_multi_soc_00064,corner kick,,,,hoekskop,,ikhona,,,ikona,,,,ikhona,ikhonakhikhi,,,ikhona,ukurarha egobeleni,ihuku,,sekhutlo,,,,khutla,sekhutlo,khona,,,,huku,sekgutlo,,,,khona,thaho ya khuḓa,,,khona,huku
dsac_multi_soc_00065,counterattack n.,,,,teenaanval,,impindiselakuhlasela,,,ukuhlasela ngokuqubula,,,,kuhlasela ngekuphundlukela,,,,isahlelo lokuzibuyiselela,,,,tlhaseloipusolosetso,,,,go hlasela ka morago ga tlhaselo,tlhaselotlhaselong,,,,,ho boya sekwele,ho ya mabotsela,,,,u ṱasela nga murahu ha u ṱaselwa,,,,nhlaselotlheriselo,
dsac_multi_soc_00066,cramp,,,,kramp,,ijaqamba,,,inkantsi,inkwalithethe,ikrempu,ikrampu,imfinyezi,emajacamba,,,imbodongwana,ikrempe,,,kgogegomesifa,kerempe,,,namanakhunyelo,namanakhunyedi,kerempe,,,,kerempe,,,,,krempe,khwethedzi,,,kirempe,
dsac_multi_soc_00067,create space,run off the ball,,,'n gaping skep,'n spasie skep,ukuvula isikhala,,,ukuvula ikroba,ukuvula isithuba,,,vula sikhala,,,,-vula,,,,bula,,,,bula,,,,,,bula,kgea,,,,u vula tshikhala,,,,pfula xivandla,
dsac_multi_soc_00068,cross n.,,,,dwarsskopaangee,dwarsskop,ibhola elivundlayo,,,ukukhrosa,ukuhlasela ngokuxwesisa ibhola,,,kugoba,,,,umvundlo,,,,kobo {kobo},khoroso,kgabagantsho,,koba,,,,,,phethiso,tshediso,,,,khuroso,u govha,,,khiroso,nghovo
dsac_multi_soc_00069,crossbar,,,,dwarsbalk,dwarslat,ipali elivundlile,,,ipali enqumlezileyo,,,,lipali lelivundlile,lipali lelisetulu,,,ipali elivundlileko,,,,palekgabaganyo,kotakgabaganyo,,,pala ya ka godimo,,,,,,marulelo a mekwallo,,,,,pala ya nga nṱha,,,,pala ya le henhla,
dsac_multi_soc_00070,crossfield pass,,,,dwarsveldaangee,,ukuvundlisa ibhola,,,ukupasa ibhola ngokuyixwesisa ibala,ukutshintsha ibala,,,kuvundlisa ibhola,,,,ukudlulisa ngokuqamula,,,,thagokgabaganyo,,,,thago ya go putla,thago ya go ngaya lepatlelo,,,,,thaho e paroletsang,,,,,bola i buḓaho,,,,ntsemakanyiso wa bolo,
dsac_multi_soc_00071,cup final,,,,bekereindstryd,eindstryd,umdlalo wamanqamu,,,umdlalo wamanqam,umdlalo wamagqibela kankqoyi,,,umdlalo wemancamu,,,,iphaliswano lamaphelelo lebhigiri,iphaliswano lokugcina lebhigiri,,,makgaolakgang a sejana,makgaolakgang a sekgele,,,makgaolakgang a sebjana,,,,,,makgaolakgang,,,,,mutambo wa makhaulakhani,mutambo wa makhaulatshele,,,ntlangu wo hetelela wa khapu,
dsac_multi_soc_00072,curler,banana kick,,,krulskop,,ukukhahlela ingwegwe,ukukhahlela ingobela,,ibhanana,umsiko obugophe,,,kusika ibhola,ibhanana,,,umsiko,igomba,,,panana,kobi,,,mosego,,,,,,tswapetso,koropetso,,,,khuyo,tsonga,,,nsongo,
dsac_multi_soc_00073,curtain raiser,,,,voorwedstryd,,imbulamazolo,imbulambethe,,umdlalo wokutshayelela,umdlalo oyingabula-zigcawu,imbula-mbethe,,umdlalo wekubhula ematolo,,,,ibhulambethe,umvulakundla,,,matlhagolatsela,,,,makgoraditsela,,,,,,papadi e hlekang sebae,papadi ya selelekela,papadi e fifiellang,,,mutambothangeli,,,,ntlangu wo kukula rivala,
dsac_multi_soc_00074,cut n.,,,,swenkskop,systap,umjiko osikayo,umjiko onqamulayo,,ukuphamba,ukusika,,,kutfubeleta nebhola,,,,ukufahla,,,,tshego,go sega,tshutlhelelo,,go šwahla,go šohla,,,,,ho tswedipana,,,,,u tshea,,,,ntsemakanyo,
dsac_multi_soc_00075,dangerous play,,,,gevaarlike spel,,ukudlala okuyingozi,,,ukudlala rhabaxa,ukudlala kakubi,ukudlala okuyingozi,,kudlala lokuyingoti,,,,ukudlala okuyingozi,,,,tshamekomakgwakgwa,,,,papadi ya kotsi,papadi ya makgwakgwa,thaloko ya kotsi,thaloko ya makgwakgwa,,,papadi e kotsi,,,,,matambele a khombo,matambomavhi,,,tlangelo ro biha,
dsac_multi_soc_00076,dead ball,,,,die bal is dood,dooie bal,ibhola elimile,ibhola elinganyakazi,,ibhola esamisiweyo,ibhola efileyo,,,ibhola lemile,umbekelo,,,ibholo esajanyisiweko,,,,kgwele e e suleng,,,,kgwele ye e emego,bolo ye e emego,,,,,bolo e emisitsweng,,,,,bola yo imaho,,,,bolo leyi vekiweke ehansi,
dsac_multi_soc_00077,debut n.,,,,debuut,,ukudlala okokuqala eqenjini,,,ukudlala okokuqala eqeleni,,,,kudlala kwekucala ecenjini,,,,ukudlala kokuthoma esiqhemeni,,,,tlhagelelo la ntlha,,,,papadi ya mathomo ya mmapadi,papadi ya mathomo ya moraloki,,,,,papadi ya pele ya sebapadi,,,,,u tamba lwa u thoma kha thimu,,,,ntlangunxambilo,
dsac_multi_soc_00078,defective ball,,,,foutiewe bal,foutbal,ibhola elingalungele ukudlalwa,,,ibhola engekho mgangathweni,,,,ibhola lengakalungeli kusetjentiswa,ibhola lengekho ezingeni,,,ibholo engakalungeli ukudlala,,,,kgwele e e sa siamelang motshameko,,,,kgwele ye e sego ya maleba,kgwele ye e sa amogelegego,,,,,bolo e sa amoheleheng,bolo e dipha,,,,bola i sa tendelwi u shumiswa kha mutambo,,,,bolo yo ka yi nga lulamangi,
dsac_multi_soc_00079,defence,backline,,,verdediging,,abadlali basemuva,,,ukuvingca amazibuko,ukuvala amazibuko,ukuvala ngasemva,,bavimbeli,bavikeli,,,ivikelo,ikhandelo,,,tshireletso,,,,bohlabaneladino,leboto,tšhireletšo,,,,dibapadi tse tshireletsang,lebota,lekgwakgwa,,,vhutambamurahu,,,,nsirhelelo,
dsac_multi_soc_00080,defender,fullback,,,verdediger,,umdlali wasemuva,,,umdlali wasemva,uvingc'amazibuko,umkhuseli,idifenda,umdlali wasemuva,sitobha,umvimbi,,umkhandeli,,,,mosireletsi,motshamekamorago,,,mohlabaneladino,mošireletšadino,,,,,mosireletsi,,,,,mutambamurahu,,,,mutlangandzhaku,
dsac_multi_soc_00081,defending champions,,,,verdedigende kampioene,,ompetha abavikela isicoco,,,iintshatsheli ezikhusela intshinga,,,,boshampeni labavikela indzebe,,,,iinkutani ezivikela unongorwana,,,,basireletsabosimega,basireletsasejana,basireletsasekgele,,bašireletšasefoka,,,,,,bomampodi ba sireletsang sekola,,,,,vhatsireledzavhugweṋa,,,,vasirhelelaxidlodlo,
dsac_multi_soc_00082,deflection,,,,defleksie,,ukushayisa kwebhola liphambuke,,,ukubetheka kwebhola iphambuke,,,,kuphambuka,,,,iphambuko,,,,phapogo,,,,phamogo,phapogo,,,,,kgeloho ya bolo,,,,,u pambuswa,,,,njhiko,
dsac_multi_soc_00083,derby,,,,derby,,umdlalo womkhaya,,,umdlalo wobukhaya,umdlalo wamaqela aphuma kwingingqi enye,,,umdlalo wabomkhaya,,,,umdlalo womkhaya,,,,motshameko wa diselammapa {tabi},,,,papadi ya dihlopha tša tikologo,,,,,,papadi ya dihlopha tsa lehae,dabi,,,,mutambo wa thimudzapo,,,,ntlangu wa xin'wanamanana,
dsac_multi_soc_00084,diagonal system of control,,,,diagonale kontrolesisteem,,uhlelo lukanompempe lokuhambisana nebhola,,,indlela kasompempe ebaleni,,,,indlela yekulawula ngekujubela,,,,irherho lokulawula elivundlako,,,,tsela ya moletsaphala,tsela ya molaolamotshameko,,,mosepeloputla wa malokwane,,,,,,mokgwa wa taolo ya papadi,,,,,sisteme ya ndaulo ya u buḓa {matshimbilele},,,,matsemakanyelo ya n'watipempe,
dsac_multi_soc_00085,direct free kick,,,,direkte vryskop,,ukukhahlela ibhola liqonde,,,ukukhaba ibhola yesohlwayo ngqo,,,,kukhahlela ungabangiswa,,,,umrarhosimahla onqophileko,,,,thago e e tlhamaletseng,,,,thagothwi ya go se šitišwe,,,,,,motoba,,,,,thahothwii,,,,ndzawonkongomo,
dsac_multi_soc_00086,disciplinary sanction,,,,tugstappe,,ukujezisa,isijeziso,,isohlwayo,,,,sigwebo,sijeziso,,,ukukhalima,,,,kgalemo,teleko,kobo,,kgalemo,go raka,go ntšha,,,,teleko,kgalemo,,,,vhukando ha ndaṱiso,,,,nxupulo,
dsac_multi_soc_00087,dissent,,,,verskil,,ukuphikisana nesinqumo,,,ukungavumelani nosompempe,ukuphikisana nosompempe,,,kweyana,,,,ukungavumelani nesiqunto,ukuphikisana nesiqunto,,,tlhokamaitsholo,,,,go se dumelelane,go se kwane,,,,,ho se dumellane,,,,,u nyadza tsheo,,,,ku honisa,
dsac_multi_soc_00088,diving header,,,,duikkopskoot,,ukushaya ibhola ngekhanda utshuza emoyeni,,,ukubetha ibhola ngentloko udayiva emoyeni,ukubetha ibhola ngentloko uwuza emoyeni,,,kuntjuzela ibhola ngenhloko,,,,ukutjuzela ibholo ngehloko,,,,go thula ka tlhogo ka thapamo,,,,go thula kgwele ya tlase ka go e tabogela,,,,,,ho fofela bolo ka hlooho,,,,,u rwa bola nga ṱhoho u tshi khou wa,,,,ku gomola bolo u ri emoyeni,
dsac_multi_soc_00089,double caution,,,,dubbele geelkaart,tweede geelkaart,ukuxwayisa kabili,,,ukohlwaywa okwesibini ngekhadi elimthubi,,,,kwecwayiswa kabili,emakhadi lamabili laliphuti,,,ukuyeleliswa kabili,,,,neelokarata ya bobedi,,,,go bontšha mmapadi dikarata tše pedi papading ye tee,go fa mmapadi dikarata tše pedi papading ye tee,go bontšha moraloki dikarata tše pedi papading ye tee,go fa moraloki dikarata tše pedi papading ye tee,,,tlhokomediso ya bobedi,,,,,u wana garaṱaṱaḓa luvhili,,,,ntshinyo wa vumbirhi,
dsac_multi_soc_00090,double-footed adj.,,,,dubbelvoetig,,odlala ngezinyawo zombili ngokulingana,,,ukukhaba nangaluphi na unyawo ngokulinganayo,,,,lodlala ngatotimbili,,,,-dlalako ngeenyawo zombili ngokulingana,-sebenzisako iinyawo zombili ngokulingana,,,tirisodinaopedi,,,,wa go bapala ka maoto ka moka ka go lekana,wa go raloka ka maoto ka moka ka go lekanela,,,,,-rahang ka maoto a mabedi,,,,,mutambangamilenzhe yoṱhe,,,,ku tirhisa milenge hinkwayo ku fana,
dsac_multi_soc_00091,double-footed player,two-footed player,,,dubbelvoetige speler,,umdlali osebenzisa izinyawo zombili ngokufanayo,,,umdlali okhaba nangaluphi na unyawo ngokulinganayo,,,,umdlali ngatotimbili,,,,umdlali odlala ngeenyawo zombili ngokulingana,umdlali osebenzisa iinyawo zombili ngokulingana,,,motshameki wa dinaopedi,,,,mmapala ka maoto ka moka,moraloka ka maoto ka moka,,,,,seraha ka a mabedi,,,,,mutambangamilenzhe yoṱhe,,,,mutlangi wo tirhisa milenge hinkwayo ku fana,
dsac_multi_soc_00092,double-header n.,,,,dubbeldoortoernooi,,imidlalo elandelanayo enkundleni eyodwa,,,imidlalo emibini elandelelanayo kwibala elinye ngamininye,,,,imidlalo lemibili nkhundlanye,,,,imidlalo emibili ngokulandelana kundlanye,,,,metshameko e mebedi mo lebaleng le le lengwe {e salana morago},,,,dipapadi tše pedi tša go ralokwa ka go šielana lepatlelong le tee,,,,,,papadi tse pedi lebaleng,,,,,mitambo mivhili huthihi,,,,mitlangu mimbirhi hi ku siyerisana,
dsac_multi_soc_00093,draw n.,,,,onbesliste uitslag,,ukudlala ngokulingana,,,ukuba ntanganye,ukudlala ngokulingana,,,kudlala ngekulingana,,,,ukudlala ngokulingana,,,,maleka,,,,maleka,,,,,,maleka,,,,,u tamba u lingana,u wa mafhuri,,,ku tlanga ku ringana,
dsac_multi_soc_00094,dressing room,change room,,,kleedkamer,,igumbi lokugqokela {abadlali},indlu yokugqokela {abadlali},,igumbi lokunxibela abadlali,igumbi lokutshintshela,,,intjintjawozi,,,,ikumba yokwembathela,,,,phaposiboaparelo,boaparelo jwa batshameki,,,phapošiboaparelo,,,,,,phaposi ya boitokiso,phaposi ya boitlhophiso,,,,lufhera lwa u ambarela,,,,kamara ro ambalela,
dsac_multi_soc_00095,dribble v.,,,,dribbel,,-jika,-dribula,,ubuchule bokuphamba ngebhola,ukudribula,ukudriblisha,,-veyisa,-jika,-ntjintja,-drebula,-retjha,-dribula,,,go tshasa,go tšheya,go sega,go tiribola,tšhea,thelela,thala,,,,fetisa,fohla,,,,ḓaḓisa,,,,xandza {mutlangi},
dsac_multi_soc_00096,drop ball,,,,skeidsregtersbal,,ukubhampisa ibhola,ukugqoma ibhola,,ukuwiswa kwebhola ngusompempe kuqhubeke umdlalo,,,,kubhampa ibhola,,,,indlela yokuthomisa umdlalo ngusofengwana,,,,tigokgwele,,,,go tentiša kgwele,go pampiša kgwele,,,,,ho qadisa papadi hape,,,,,u bammbisa bola,,,,bolo yo wisiwa,
dsac_multi_soc_00097,dummy run,,,,flousbeweging,flouslopie,ukudidisa,,,ukuphamba abadlali,ukubhidisa abadlali,,,kulahlisa umkhondvo,kudukisa umkhondvo,,,ukulahlekisa,ukudurhisa,,,go latlha,go phasamisa,,,mokitimo wa go gakantšha,,,,,,ho lahlehisa,,,,,u ḓaḓisa,,,,ku lahlekisa,
dsac_multi_soc_00098,duration {match},,,,duur {wedstryd},tydsduur,isikhathi somdlalo,,,ixesha eliqingqelwe umdlalo,ixesha elisikelwe umdlalo,,,sikhatsi lesibekelwe umdlalo {sikhatsi},,,,isikhathi esibekiweko {umdlalo},,,,paka,,,,nakotekanyetšo,,,,,,nako (ya papadi),,,,,tshifhinga {mutambo},,,,nkarhi {wa ntlangu},
dsac_multi_soc_00099,emblem,,,,embleem,kenteken,uphawu,,,imbasa,,,,luphawu,imbeji,,,itshwayo,,,,sekano,,,,leswao,seka,emboleme,,,,letshwao,,,,,tshigaṱhalu,,,,mfungho,
dsac_multi_soc_00100,equaliser,,,,gelykmaker,,igoli lokulinganisa,,,inqaku lokulinganisa,inqaku lokuba ntanganye,,,ligoli lekulinganisa,,,,igondelo lokulinganisa,,,,tekanyadino,,,,ntlha ya go lekalekanya dino,,,,,,ntlha ya tekano,,,,,tshikoro tsha u linganya,,,,golo yo ringanisa,
dsac_multi_soc_00101,extra time,overtime,,,ekstra tyd,,isikhathi esengeziwe,,,ixesha elongeziweyo,,,,sikhatsi lesengetiwe,,,,isikhathi esingezelelweko,,,,paka e e okeditsweng,,,,nako ya kokeletšo,,,,,,nako e ekeditsweng,,,,,tshifhinga tsho engedzwaho,,,,nkarhi wo engetela,
dsac_multi_soc_00102,Fédération Internationale de Football Association,Federation of International Football Associations,FIFA,,FIFA,Internasionale Sokkerfederasie,i-FIFA,iNhlangano Elawula Ezikanobhutshuzwayo Emhlabeni,,iFIFA,uMbutho waMazwe eHlabathi weBhola eKhatywayo,,,i-FIFA,Lubumbanotinhlangano Telibhola Letinyawo Temave Ngemave,,,i-FIFA,iHlangano yeBholo eRarhwako yeenHlangano zamaZwe ngamaZwe,,,FIFA,Mokgatlho wa Boditšhaba wa Kgwele ya Dinao,MBKD,,FIFA,Mokgatlokopano wa Boditšhabatšhaba wa Kgwele ya Maoto,,,,,FIFA,Mokgatlo wa Matjhaba wa Bolo,,,,FIFA,Ṱhanganelano ya Madzangano a Bola ya Milenzhe a Dzitshakatshaka,,,FIFA,Nhlangano wa Bolo wa Misava
dsac_multi_soc_00103,FIFA fair play trophy,,,,FIFA-skoonspeltrofee,,indebe yokuziphatha kahle ye-FIFA,,,indebe yokuziphatha kakuhle yeFIFA,indebe yokudlala kakuhle yoMbutho waMazwe eHlabathi weBhola eKhatywayo,,,indzebe yekudlala kahle ye-FIFA,,,,unongorwana we-FIFA wokudlala kuhle,,,,Sekgele sa FIFA sa Motshameko o o phepa,Sejana sa FIFA sa Motshameko o o phepa,,,mogopo wa FIFA wa thaloko e botse,sebjana sa FIFA sa thaloko e botse,,,,,mohop e wa FIFA wa papadi e ntle,,,,,tshiphuga tsha FIFA tsha vhuḓifari havhuḓi,,,,khapu ya tlangelo ro basa ra FIFA,
dsac_multi_soc_00104,FIFA world cup,,,,FIFA-wêreldbeker,,indebe yomhlaba ye-FIFA,,,indebe yehlabathi yeFIFA,indebe yehlabathi yoMbutho wamaZwe eHlabathi weBhola eKhatywayo,,,indzebe yemhlaba ye-FIFA,,,,ibhigiri yephasi ye-FIFA,,,,Sekgele sa Lefatshe sa FIFA,Sejana sa Lefatshe sa FIFA,,,mogopo wa FIFA wa lefase,sebjana sa FIFA sa lefase,,,,,mohop e wa lefatshe wa FIFA,,,,,Tshiphuga tsha Ḽifhasi tsha FIFA,,,,khapu ya misava ya FIFA,
dsac_multi_soc_00105,final,,,,eindstryd,finaal,umdlalo wamanqamu,,,umdlalo wamanqam,umdlalo wamagqibela kankqoyi,,,umdlalo wemancamu,emancamu,,,umdlalo wokugcina,umdlalo wamaphelelo,,,makgaolakgang,,,,makgaolakgang,,,,,,makgaolakgang,,,,,makhaulatshele,makhaulakhani,,,ntlangu wo hetelela,
dsac_multi_soc_00106,final leg,,,,finale been,finale rondte,umlenze wokugcina,,,umjikelo wokugqibela,umjikelo wamagqibela kankqoyi,,,umlente wekugcina,imidlalolichunge yekugcina,,,umlenze wokugcina,umlenze wamaphelelo,,,leoto la makgaolakgang,,,,legato la mafelelo la phadišano,leoto la mafelelo la phadišano,,,,,mokgahlelo wa makgaolakgang,papadi ya makgaolakgang tlhodisanong,,,,mulenzhe wa u fhedza,,,,nenge wo hetelela,
dsac_multi_soc_00107,first division,,,,eerste liga,,isigaba sokuqala,,,iligi enganeno kweyoompondo zihlanjiwe,,,,sigaba sekucala seligi,,,,iligi yokuthoma,,,,lliki e kgolwane,,,,lliki ya mathomo ya dihlopha tša ka tlase,,,,,,divishene ya pele,,,,,khethekanyo ya u thoma,,,,ligi yo sungula,
dsac_multi_soc_00108,first half {match},,,,eerste helfte {wedstryd},,isiwombe sokuqala,,,isiqingatha sokuqala somdlalo,isigaba sokuqala somdlalo,,,sigamu sekucala {umdlalo},incenye yekucala,,,isiquntu sokuthoma {umdlalo},,,,karolo ya ntlha,,,,karolo ya pele ya papadi,,,,,,karolo ya pele,,,,,luṱa lwa u thoma,,,,xiphemu xo sungula {xa ntlangu},
dsac_multi_soc_00109,first leg,,,,eerste been,,umlenze wokuqala,,,umjikelo wokuqala,,,,umlente wekucala,,,,umlenze wokuthoma,,,,leoto la ntlha,,,,legato la pele la phadišano,leoto la pele la phadišano,,,,,mokgahlelo wa pele,,,,,mulenzhe wa u thoma,,,,nenge wo sungula,
dsac_multi_soc_00110,fixture,,,,wedstrydbepaling,,uhlelomdlalo,ukuhlelwa kwemidlalo,,uluhlu lwemidlalo,ucwangciso lwemidlalo,,,luhlelomidlalo,,,,irherho lemidlalo,,,,thulaganyotshameko,lenaneotshameko,,,peakanyetšo ya dipapadi,lenaneothulaganyo la dipapadi,,,,,lenane la dipapadi,,,,,nzudzanyo ya mutambo,,,,xikombamatlangelo,
dsac_multi_soc_00111,flagpost,,,,vlagpaaltjie,,uthi lweduku,uthi lwefulegi,,uluthi lweflegi,,,,sikhonkhwane sembhelebhele,,,,ipali leflarha,,,,pale ya folaga,,,,thatana ya folaga,phatana ya folaga,,,,,palo ya folakga,,,,,tshiimisafuḽaga,thanda ya fuḽaga,,,pala ya mujeko,
dsac_multi_soc_00112,flick v.,,,,aangee,,-dlulisa ngekhanda,-yeqisa ngekhanda,,ukuthwibila ibhola ngentloko,ukudlulisela ngemva ibhola ngentloko,,,-engcisa ibhola ngenhloko,,,,-eqisa ngehloko,,,,go tlodisa ka tlhogo,,,,go fetiša ka go tshediša kgwele ka hlogo,,,,,,tlodisa,,,,,u pfukisa bola nga ṱhoho,,,,tlurisa bolo hi nhloko,
dsac_multi_soc_00113,footballer,,,,sokkerspeler,,umdlali kanobhutshuzwayo,,,umdlali webhola ekhatywayo,,,,umdlali webhola,,,,umdlali webholo erarhwako,,,,motshameki,,,,mmapadi wa kgwele ya maoto,sebapadi sa kgwele ya maoto,moraloki wa kgwele ya maoto,seraloki sa kgwele ya maoto,,,sebapadi,,,,,mutambi wa bola,,,,mutlangi wa bolo,
dsac_multi_soc_00114,foot up,,,,voetfout,,ukuphakamisa unyawo,,,imposiso yokuphakamisa unyawo,,,,kuphakamisa lunyawo,,,,ukuphakamisa inyawo,,,,go tsholetsa leoto,,,,go emiša leoto ge o foša kgwele,,,,,,phoso ya ho phahamisa leoto,,,,,u takusa mulenzhe,,,,ku yimisela nenge ehenhla,
dsac_multi_soc_00115,formation,,,,formasie,,ukuhleleka kwabadlali,,,ihlelo labadlali,,,,kuhleleka kwebadlali,luhlelembisobadlali,,,ukuhleleka kwabadlali,,,,thulaganyotshameko,sebopego,,,peakanyo ya babapadi ka lepatlelong,peakanyo ya baraloki ka lepatlelong,,,,,sebopeho,tlhophiso,,,,kuvhekanyele kwa vhatambi,,,,mayimelo ya vatlangi,
dsac_multi_soc_00116,foul play,,,,gemene spel,vuilspel,ukudlala kabi,,,ukudlala kakubi,,,,kudlala kabi,,,,ukudlala kumbi,,,,tshameko e e sa dumelelwang,tshameko e e fosagetseng,,,papadi ya go se amogelege,thaloko ya go se amogelege,,,,,papadi e fosahetseng,,,,,u sa tamba zwavhuḓi,,,,tlangelo ro hoxeka,
dsac_multi_soc_00117,foul throw,,,,foutingooi,,ukuphosa kabi,,,ukujula gwenxa,ukuphosa gwenxa,,,kuphosa kabi,,,,ukuphosa kumbi,,,,tatlhelo e e sa dumelelwang,tatlhelo e e fosagetseng,,,tahlelo ye e fošagetšego ya kgwele,,,,,,tahlelo e fosahetseng,,,,,vhukhakhi ha u posa,,,,hoxelo ro hoxeka,
dsac_multi_soc_00118,fourth official,,,,vierde beampte,vierde skeidsregter,unompempe wesine,,,igosa lesine lomdlalo,,,,umlawulimdlalo wesine,,,,isiphathiswa sesine,,,,mothusamolaolamotshameko wa tlaleletso,mothusamoletsaphala wa tlaleletso,motlhankedi wa bone,mothusamotsereganyi wa tlaleletso,mothušamalokwane yo a lego pankeng,,,,,,ofisiri ya bone,,,,,muofisiri wa vhuṋa,,,,mupfunan`watipempe wa vumune,
dsac_multi_soc_00119,fracture n.,,,,beenbreuk,fraktuur,ukuchachamba,ukuvaveka,ukuphuka,ukuchachamba kwethambo,,,,kufafabuka,kwephuka,,,ukwephuka,ukusasamba,,,thobego,,,,go robega lerapo,go palega ga lerapo,,,,,ho robeha,,,,,mvunḓeo,,,,mpandzeko,
dsac_multi_soc_00120,free kick,,,,vryskop,,ukukhahlela okukhululekile,,,ibhola ekhatyelwa isohlwayo,,,,kukhahlela ungabangiswa,,,,umrarhosimahla,,,,thagotlhamalalo,,,,thago ya go se šitišwe,thagothwi,,,,,thaho e sa sitisweng,,,,,thahawoga,,,,ndzahonkankavanyeto,
dsac_multi_soc_00121,free transfer,,,,gratis oorplasing,vry oorplasing,ukukhululwa komdlali mahhala,,,ukukhululwa komdlali felefele,ukukhululwa komdlali ngaphandle kwentlawulo,,,kukhululwa mahhala,,,,ukudluliselwa simahla,,,,tshutiso ya mahala,tshutiso ntle le tuelo,,,go išwa sehlopheng se sengwe ntle le tefo,,,,,,tokollo ntle le tefo,,,,,u pfuluwa mahala,,,,ku hundzisa mahala {mutlangi},
dsac_multi_soc_00122,friendly match,,,,vriendskaplike wedstryd,,umdlalo wobungani,umdlalo wesihle,,umdlalo wobuhlobo,,,,umdlalo webungani,,,,umdlalo wobungani,,,,motshameko wa botsalano,,,,papadi ya segwera,thaloko ya segwera,,,,,papadi ya setswalle,,,,,mutambo wa vhukonani,,,,ntlangu wa xinghana,
dsac_multi_soc_00123,goal,,,,doel,,igoli,,,inqaku,,,,ligoli,,,,igondelo,,,,nno,,,,nno,ntlha,,,,,ntlha,,,,,tshikoro,,,,golo,
dsac_multi_soc_00124,goal area,,,,doelgebied,,emapalini,,,umhlaba kanozinti,,,,indzawo yasomapali,indzawo yamendi,,,indawo kasomapali,indawo kamendi,,,karolodino,,,,lefelo la dino,,,,,,sebaka sa mekwallo,,,,,vhunwo,,,,xivandla xa le tipaleni,
dsac_multi_soc_00125,goalkeeper,goalie,,,doelwagter,,unozinti,,,unozinti,ugoli,,,somapali,mendi,,,usomapali,umendi,,,moganadino,mothibadino,mosireletsadino,menti,moswaradino,,,,,,sethibathibane,,,,,mulindavhunwo,,,,n'watipala,
dsac_multi_soc_00126,goalkeeper coach,,,,doelwagterafrigter,doelwagterbreier,umlolongi wonozinti,umqeqeshi wonozinti,,umqeqeshi kanozinti,,,,umceceshi wasomapali,umceceshi wamendi,umlolongi wasomapali,umlolongi wamendi,umbanduli kasomapali,umbanduli kamendi,,,mokatisamoganadino,mokatisamothibadino,mokatisamosireletsadino,mokatisamenti,mohlahlamoswaradino,morutantšhimoswaradino,,,,,mokwetlisi wa sethibathibane,,,,,mugudisamulindavhunwo,,,,mudzaberi wa n'watipala,
dsac_multi_soc_00127,goal kick,,,,inskop uit doelgebied,,ukususwa kwebhola emapalini,,,ukuqala umdlalo kumhlaba kanozinti,,,,kususwa kwebhola emapalini,,,,ukuthomisa ukudlala kumendi,,,,thago go tswa dipaleng,go dima,,,thago go tšwa dipaleng,,,,,,thaho e qadisang papadi mekwallong,,,,,u takusa bola kha vhunwo,,,,bolo yo susiwa etipaleni,
dsac_multi_soc_00128,goal line,,,,doellyn {binne doelhok},,umugqa osemapalini,,,umda webala oneepali,umda webala onezinti,,,umugca wemapali,umlayini wemapali,umugca wemagoli,,umuda wamagondelo,,,,moladino,,,,mothalo wa bonošadino,,,,,,mola wa mekwallo,moedi wa mekwallo,,,,mutalo wa vhunwo,,,,ntila wa tipala,
dsac_multi_soc_00129,goalpost,,,,doelpaal,,amapali,,,izinti,iipali,,,lipali,,,,ipali,,,,pale,kota,,,kota ya ka thoko ya bonošadinong,pala ya ka thoko ya bonošadinong,,,,,palo ya mekwallo,tshiya ya mekwallo,,,,pala ya vhunwo,,,,pala,
dsac_multi_soc_00130,goalscorer,,,,doelskopper,,umshayigoli,,,umfaki-nqaku,,,,umshayiligoli,,,,umbethigondelo,,,,monosanno,,,,monwešanno,monošantlha,,,,,mohlabantlha,,,,,mukori,munwisi,,,muhowisi,
dsac_multi_soc_00131,golden ball award,,,,gouebal-toekenning,,umklomelo womdlali ovelele,,,imbasa yebhola yegolide,,,,umklomelo wemdlali lohlabene,umklomelo wemdlali lovelele,,,unongorwana webholo wegolide,unongorwana webholo werhawuda,,,kabo ya motshameki yo o gaisitseng,,,,sefoka sa FIFA sa go fiwa moraloki yo mokaonekaone,sefoka sa FIFA sa go fiwa mmapadi yo mokaonekaone,,,,,kgau ya bolo ya kgauta,,,,,tshiphuga tsha bola ya musuku,,,,sagwadi ra mutlangi wo hlawuleka,
dsac_multi_soc_00132,golden shoe award,golden boot award,,,goueskoen-toekenning,,umklomelo womshayimagoli ovelele,,,imbasa yesihlangu segolide,,,,umklomelo wemfakimagoli lohlabene,umklomelo wemfakimagoli lovelele,,,unongorwana wenyathelo legolide,unongorwana wenyathelo lerhawuda,,,kabo ya monosadino yo o gaisitseng,,,,sefoka sa FIFA sa go fiwa monošadino tše ntši,,,,,,kgau ya seeta sa kgauta,,,,,tshiphuga tsha tshienda tsha musuku,,,,sagwadi ra muhowisinkulu wa FIFA,
dsac_multi_soc_00133,half-time,half-time interval,,,rustyd,,isikhathi sekhefu,,,isiqingatha somdlalo,ikhefu,,,likhefu,sikhatsi sekuphumula,,,isikhathi sokuphumula,,,,nako ya boikhutso,nako ya go kgwa mowa,,,nako ya go khutša,,,,,,nako ya kgefutso,,,,,tshifhinga tsha u awela,,,,nkarhi wo wisa,
dsac_multi_soc_00134,handball,hand to the ball,,,handbal,,ukubamba ibhola ngesandla,,,ukudlala ibhola ngesandla,,,,kubamba ibhola ngemabomu,,,,ukubamba ibholo ngesandla,,,,letsogokgweleng,,,,go kgoma kgwele ka letsogo,go swara kgwele ka letsogo,go kgwatha kgwele ka letsogo,,,,ho tshwara bolo,,,,,u fara bola,,,,ku siva bolo hi voko,
dsac_multi_soc_00135,hat trick,,,,driekuns,,amagoli amathathu omdlali oyedwa,,,ubuchule bokufaka amanqaku amathathu ngumdlali omnye,,,,magolimatsatfu,,,,ukugondela kathathu komdlali emdlalweni,ukukora kathathu komdlali emdlalweni,,,nosotharo {mo motshamekong o le mongwe},,,,go nweša dino tše tharo papading ye tee,,,,,,dintlha tse tharo ka sebapadi,,,,,u nwisa luraru ha mutambi,,,,ku howisa kanharhu eka ntlangu wun`we,
dsac_multi_soc_00136,header,,,,kopskoot,,ukungqofa ngekhanda,,,ukubetha ibhola ngentloko,,,,lenhloko,,,,ukuqhula ibholo ngehloko,,,,thula ka tlhogo,,,,kgwele ya hlogo,,,,,,ho thula bolo ka hlooho,,,,,u rwa bola nga ṱhoho,u tamba nga ṱhoho,,,ku gomola bolo,
dsac_multi_soc_00137,home game,,,,tuiswedstryd,,umdlalo wasekhaya,,,umdlalo osekhaya,,,,umdlalo wasekhaya,,,,umdlalo wekhaya,,,,motshamekogae,,,,papadi ya gae,,,,,,papadi ya lehae,,,,,mutambo wa hayani,,,,ntlangu wa le kaya,
dsac_multi_soc_00138,home ground,,,,tuisveld,,inkundla yasekhaya,,,ibala lasekhaya,,,,inkhundla yasekhaya,,,,itatawu lesiqhema,ikundla yesiqhema,,,lebalagae,,,,lepatlelo la gae,,,,,,lebala la lehae,,,,,mudavhi wa hayani,luvhanḓe lwa hayani,,,rivala ra le kaya,
dsac_multi_soc_00139,home team,,,,tuisspan,,iqembu lasekhaya,,,iqela lebhola lasekhaya,,,,licembu lasekhaya,,,,isiqhema sekhaya,,,,setlhophagae,,,,sehlopha sa gae,,,,,,sehlopha sa lehae,,,,,vhaṋe vha haya,,,,xipanu xa le kaya,
dsac_multi_soc_00140,hosting team,,,,gasheerspan,,iqembu elihanjelwe,iqembu elivakashelwe,,iqela elisingathe umdlalo,iqela elisindleke umdlalo,,,licembu lelisingatsako,licembu lelivakashelwe,,,isiqhema esivakatjhelweko,,,,setlhopha sa baamogelabaeng,,,,sehlopha sa benggae,,,,,,sehlopha se amohelang,,,,,thimu yo ḓelwaho,thimu yo dalelwaho,,,xipanu xa varhurheli,
dsac_multi_soc_00141,impede v.,,,,blokkeer,,-vimba,-vala,,ukuthintela umdlali angadluli,ukuvalela umdlali angadluli,,,-vimbela,,,,-liya,,,,kgoreletsa,,,,šitiša,thibela,,,,,sitisa,kgina,thibela,,,thivhela,,,,kavanyeta,
dsac_multi_soc_00142,indirect free kick,,,,indirekte vryskop,,ukususwa kwebhola elikhululekile ngaphambi kokuthi lingene emapalini,,,ibhola yesohlwayo emayingadlalwa ngumntu omnye,,,,makhahlelwa lokungenani ngulababili,,,,umrarhosimahla ongakanqophi,,,,thago e e sa tlhamalalang,,,,thagothwi ya go kgongwa ke dibapadi tše pedi goba go feta pele e leba dinong,,,,,,thaho e sa tobang,,,,,thaho i sa tendelwi u livha mapalani thwii,,,,ndzahonkankongomo,
dsac_multi_soc_00143,infringement {rules},violation,,,oortreding {reëls},,ukuphula umthetho,,,isenzo solwaphulo-mthetho,,,,kwephula umtsetfo,,,,ukwephula umthetho,ukweqa umthetho,,,phoso,kgoreletso,,,tshelomolao,,,,,,tlolo ya molao,,,,,u pfuka mulayo,,,,ku tlula nawu,
dsac_multi_soc_00144,injury,,,,besering,,ukulimala,,,umenzakalo,ukwenzakala,,,kulimala,,,,ukulimala,ukukhubala,,,khutlego,kgobalo,,,kgobalo,,,,,,temalo,kotsi,,,,fuvhalo,,,,ku vaviseka,
dsac_multi_soc_00145,inswinger,,,,inswaaier,,ibhola eligobele ngaphakathi,,,ubuchule bokukhaba ibhola igobele ezipalini,,,,gobela ngekhatsi,gobelekhatsi,,,umsikelongaphakathi,,,,kobi,kobelagare,panana,,kgwele ya go gegela ka dinong,kgwele ya go kekela ka dinong,,,,,tswape,ho koropeletsa ka hare,,,,khuyela ngomu,tsongela,,,ku govela bolo etipaleni,
dsac_multi_soc_00146,intercept,,,,onderskep {bal},,ukuvimba ibhola,ukuthikameza,,ukuthintela ibhola,ukuqhawula ibhola,,,jubela ibhola,,,,-qintelisa,,,,thibela,thopa,kgatlhanyetsa,,thibelo ya kgwele,thibelo ya bolo,tšhitišo ya bolo,tšhitišo ya kgwele,,,ho kgaoletsa,,,,,u khakhisa,,,,kavanyeta,
dsac_multi_soc_00147,interfere with play,,,,met spel inmeng,,ukuphazamisa umdlalo,,,ukuphazamisa umdlalo,,,,kuphazamisa umdlalo,,,,-liya umdlalo,,,,go kgoreletsa motshameko,,,,go šitiša papadi go tšwela pele,go thibela papadi go tšwela pele,,,,,sitisa papadi,,,,,u thithisa mutambo,,,,ku kavanyeta ntlangu,
dsac_multi_soc_00148,international club competition,,,,internasionale klubkompetisie,,umqhudelwano wamaqembu omhlaba,,,ukhuphiswano lwamazwe ngamazwe lwamaqela ebhola,,,,umchudzelwano wemacembu emave,,,,iphaliswano leenqhema zamazwe ngamazwe,iphaliswano leenqhema zeentjhabatjhaba,,,kgaisano ya ditlhopha ya boditšhaba,,,,phadišano ya dihlopha tša boditšhabatšhaba,,,,,,tlhodisano ya dihlopha tsa matjhaba,,,,,muṱaṱisano wa kiḽaba dza dzitshakatshaka,,,,mphikizano wa swipanu swa matiko,
dsac_multi_soc_00149,international committee,,,,internasionale komitee,,ikomidi lamazwe ngamazwe,,,ikomiti yamazwe ngamazwe,,,,ikomiti yemave,,,,ikomidi yamazwe ngamazwe,ikomidi yeentjhabatjhaba,,,komiti ya boditšhaba,,,,komiti ya boditšhabatšhaba,,,,,,komiti ya matjhaba,,,,,komiti ya dzitshakatshaka,,,,komiti ya matiko,
dsac_multi_soc_00150,international match,,,,internasionale wedstryd,toetswedstryd,umdlalo ophakathi kwamazwe ngamazwe,,,umdlalo wamazwe ngamazwe,,,,umdlalo wemave,,,,umdlalo wamazwe ngamazwe,umdlalo weentjhabatjhaba,,,motshameko wa boditšhaba,,,,papadi ya boditšhabatšhaba,mmetšhe wa boditšhabatšhaba,,,,,papadi ya matjhaba,,,,,mutambo wa dzitshakatshaka,,,,ntlangu wa matiko,
dsac_multi_soc_00151,international referee,,,,internasionale skeidsregter,toetsskeidsregter,unompempe wemidlalo yamazwe ngamazwe,unondweba wemidlalo yamazwe ngamazwe,,usompempe wamazwe ngamazwe,,,,somfengwane wemave,sompempe wemave,,,usofengwana wamazwe ngamazwe,usofengwana weentjhabatjhaba,,,molaolamotshameko wa boditšhaba,motsereganyi wa boditšhaba,moletsaphala wa boditšhaba,,malokwane wa boditšhabatšhaba,,,,,,moteaphala wa matjhaba,moletsaphala wa matjhaba,molaolapapadi wa matjhaba,,,malogwane wa dzitshakatshaka,mulangamutambo wa dzitshakatshaka,,,n`watipempe wa matiko,
dsac_multi_soc_00152,jersey,,,,trui,,ijezi,,,ijezi,,,,lijezi,,,,ijezi,isikipa,,,sekhipa,jesi,,,jesi,sekhipa,,,,,jeresi,,,,,tshikhipha,dzhesi,,,jesi,
dsac_multi_soc_00153,juggling,,,,jonglering,,ukugenda ibhola,,,ukuteka,ukudlalisa ngebhola emoyeni,,,kulilawula emoyeni,kuteka ibhola,,,ukuteka,,,,go teka,go dira mathaithai,,,thothompetša kgwele,totompetša kgwele,teka kgwele,,,,ho teka,ho bapadisa bolo moyeng,,,,u ṱeka,,,,ku lawula bolo emoyeni,
dsac_multi_soc_00154,kick-off n. {centre line},,,,afskop {middellyn},,ukuqala komdlalo,,,ukuqalisa komdlalo,,,,kucala kwemdlalo,kususa umdlalo,,,ukuthoma komdlalo {ikaba yekundla},,,,tshimololomotshameko,thankgololomotshameko,,,go thoma papadi,,,,,,ho qala papadi (molahare),,,,,mathomo a mutambo,,,,ku sungula ntlangu,
dsac_multi_soc_00155,knee guard,,,,knieskerm,knieskut,isivikeladolo,,,isikhuseli-dolo,,,,sivikeladvolo,,,,isivikelidolo,,,,sesireletsalengole,,,,sešireletšakhuru,,,,,,sesireletsalengole,,,,,tshitsireledzagona,,,,xisirhelelatsolo,
dsac_multi_soc_00156,knock-out competition,,,,uitklopkompetisie,,umkhumulajezi,,,umkhulula-jezi,ukhuphiswano lokukhupha iqela elibethiweyo,,,umkhumulajezi,,,,iphaliswano lokukhuphana,,,,kgaisano ya mantshano,,,,phadišano ya mantšhanašakeng,,,,,,tlhodisano ya mantshano,,,,,muṱaṱisano wa u bvisana,,,,mphikizano wo humesana,
dsac_multi_soc_00157,league,,,,liga,,iligi,,,iligi,,,,iligi,,,,iligi,,,,lliki,,,,lliki,,,,,,liki,,,,,ḽigi,,,,ligi,
dsac_multi_soc_00158,left-footed player,,,,linksvoetige speler,,inxele,,,inxele,,,,lincele,,,,incele,,,,moleme,,,,moragakanngele,,,,,,sebapadi se bapalang ka leoto le letshehadi,leqejana,,,,nyamonde,,,,n`waximatsi,
dsac_multi_soc_00159,leg {match},,,,been {wedstryd},,umlenze,,,umjikelo,,,,umlente,imidlaloluchunge yekugcina,,,umlenze,,,,leoto,,,,legato la phadišano,leoto la phadišano,,,,,mokgahlelo,,,,,mulenzhe,,,,nenge,
dsac_multi_soc_00160,ligament,,,,ligament,,umsipha,,,umsipha,,,,umsipha,,,,umsipha,,,,mosifa,ntha,,,mošifa,,,,,,mosifa,,,,,mukala,,,,nsiha,
dsac_multi_soc_00161,lob the ball,,,,die bal luglangs skop,,ukweqisa ibhola ngonyawo,,,ukutsibisa ibhola,,,,kwecisa ibhola,,,,-eqisa ibholo,-gobelisa ibholo,,,- tlodisa kgwele,- kuka kgwele,,,tshediša kgwele,,,,,,ho rothisa,,,,,u fhufhisa bola,,,,ku tlurisa bolo,
dsac_multi_soc_00162,logo,,,,logo,,uphawu lweqembu,ilogo,,ilogo,uphawu,,,ilogo,luphawu,,,ilogo,,,,letshwaomoôno,,,,leswao,seka,loko,,,,letshwao,,,,,tshigaṱhalu,,,,mfungho,
dsac_multi_soc_00163,long-range shot,,,,langafstand-doelskoot,,unyazi,imbumbulu,ishodi,ukukhabela ezipalini ukude,,,,kudvonsa intsambo,,,,ukurarha ukude,ukudosa intambo,,,lerumo,mogagamola,mogarola,,thagokgole,letanta,,,,,moharolla,sephunyaphunyane,,,,mushosho mulapfu,,,,ndzaho wa le kule,
dsac_multi_soc_00164,man-of-the-match-award,,,,speler-van-die-wedstryd-toekenning,,umklomelo womdlali ovelele,,,imbasa yomdlali obalaseleyo,,,,umklomelo wemdlali lohlabene,,,,unongorwana womdlali ophume phambili,,,,kabo ya naledi ya letsatsi,,,,sefoka sa sebapadi sa letšatši,,,,,,kgau ya sebapadi se ipabotseng,,,,,tshiphuga tsha mutambi wa ḓuvha,,,,sagwadi ra mutlangi wa siku,
dsac_multi_soc_00165,man-to-man,,,,man-tot-man,,indoda endodeni,,,ukumnxusa,ukumthi nca,,,umuntfu emuntfwini,hlala naye,shada naye,,ukumlala nje,ukumhlala enyonga,ukuqatha,,mothomothong,kgomarelomotho,go apara motho,,mothomothong,,,,,,ho matahana,mothomothong,,,,mutambi kha mutambi,,,,ku namarhela mutlangi,
dsac_multi_soc_00166,marking {opponent},,,,merk {opponent},,ukumaka,,,ukumaka,,,,kuvala,kumakha,,,ukumaga,,,,go disa,go sama,go maka,,maka,nyalano,,,,,ho maka,ho disa,,,,u thivha,u vala,,,ku maka,
dsac_multi_soc_00167,masters team,,,,veteranespan,,iqembu lomakadebona,iqembu lamakhehla,,iqela loompondo zihlanjiwe,iqela lamakhwahla,iqela loomakhwekhwetha,,licembu lalabakhulile,,,,isiqhema sabakhulu,,,,matsopa,setlhopha sa maoma,,,sehlopha sa dibapadi tša kgale,,,,,,sehlopha sa mekaubere,,,,,thimu ya vhaaluwa,,,,xipanu xa vatlangi va khale,
dsac_multi_soc_00168,match,game,,,wedstryd,,umdlalo,,,umdlalo,,,,umdlalo,,,,umdlalo,,,,motshameko,,,,papadi,mmetšhe,,,,,papadi,,,,,mutambo,,,,ntlangu,
dsac_multi_soc_00169,match commissioner,,,,wedstrydkommissaris,,umqaphimdlalo,,,umlawuli womdlalo,,,,nkhomishani wemdlalo,,,,umlawuli zombelele womdlalo,ukomtjhinara womdlalo,,,mookamamotshameko,,,,mokomišenare wa papadi,,,,,,khomishenara ya papadi,,,,,khomishinari wa mutambo,,,,mulanguteri wa ntlangu,
dsac_multi_soc_00170,match official,,,,assistentskeidsregter,,umphathimdlalo,,,usompempe otyunjelwe umdlalo,,,,umlawulimdlalo,,,,isiphathiswa somdlalo,,,,motlhankedi wa motshameko,,,,molaolapapadi,molaolathaloko,,,,,ofisiri ya papadi,,,,,muofisiri wa mutambo,,,,mufambisi wa ntlangu,
dsac_multi_soc_00171,midfield,,,,middelveld,,isisu,,,isazulu sebala,umbindi webala,esiswini,,esiswini,sisu,,,iphakathi letatawu,iphakathi lekundla,,,mpa ya lebala,bogare jwa lebala,,,bogare bja lepatlelo,,,,,,bohare ba lebala,,,,,vhukati ha mudavhi,,,,xikarhi ka rivala,
dsac_multi_soc_00172,midfield player,,,,middelveldspeler,,umdlali wasesiswini,,,umdlali wasesazulwini sebala,umdlali wasembindini webala,umdlali wasesiswini,,umdlali wasesiswini,umdlali wesisu,,,umdlali waphakathi,,,,motshamekagare,,,,mmapalagare,moralokagare,,,,,mmapalahare,,,,,mutambavhukati,,,,mutlangaxikarhi,
dsac_multi_soc_00173,miss-kick v.,,,,mis skop,,-shweba,-geja,-shumpuza,ukuphosa,ukuqutya,ukugqutya,,-geja,-phonya,,,ukukhutha,,,,go fosa,,,,phoša kgwele,,,,,,ho fosa,ho sola,,,,u bumpha bola,u humpa bola,,,hupa,
dsac_multi_soc_00174,most entertaining team award,,,,spantoekenning vir aantreklikste sokker,,umklomelo weqembu lebhola elidlale kahle,,,imbasa yelona qela lonwabise kakhulu,,,,umklomelo welicembu lelijabulise kakhulu,,,,unongorwana wesiqhema esithabise khulu,,,,kabo ya setlhopha se se maatlametlo,,,,sefoka sa sehlopha sa go kgahliša kudu,,,,,,kgau ya sehlopha se thabisitseng letshwele,,,,,tshiphuga tsha thimu yo takadzesaho,,,,sagwadi ra xipanu xa tlangelo ro nyanyula,
dsac_multi_soc_00175,national team,,,,nasionale span,toetsspan,iqembu lesizwe,,,iqela lesizwe,,,,licembu lesive,,,,isiqhema selizwe,isiqhema senarha,,,setlhopha sa bosetšhaba,,,,sehlopha sa bosetšhaba,,,,,,sehlopha sa naha,,,,,thimu ya lushaka,,,,xipanu xa rixaka,
dsac_multi_soc_00176,nutmeg,,,,mikskop,kettieskop,imanta,ishibobo,,ishibobo,ingxaza,,,ishibobo,likhishi,,,ifahliso,igwegwiso,itjhibobo,,khitšhene,tsamaya,tšhibobo,,tšhibobo,phetišokgwele magareng ga maoto a baphenkgišani,,,,,tjhibobo,,,,,u bvisa nga vhukati ha milenzhe,,,,khixi,
dsac_multi_soc_00177,obstruction,,,,obstruksie,,ukuvimba,,,ukuthintela ngokungekho mthethweni,ukuxina ngokungekho mthethweni,,,kuvimbela,,,,ukuphazamisa,ukuliya,ukuthikazisa,,kgoreletso,,,,tšhitišo,thibelo,,,,,tshitiso,,,,,u thivhela,,,,nsivelo,
dsac_multi_soc_00178,officiate {e.g. referee},,,,optree (bv. skeidsregter),,ukudlalisa,,,ukuphatha umdlalo,ukulawula umdlalo,,,lawula umdlalo {somfengwane},,,,ukulawula umdlalo {usofengwana},,,,laola,,,,laola papadi,laola thaloko,laola mmetšhe,,,,laola papadi {moletsaphala},,,,,u langula mutambo,,,,fambisa {ntlangu},
dsac_multi_soc_00179,off season n.,,,,buiteseisoen,,ukuvalwa kwesizini,,,ixesha lokuphumla kwezemidlalo,ikhefu kwezemidlalo,,,sikhatsi sekungadlalwa kwemidlalo,,,,isikhathi sokuphumula kezemidlalo,,,,setlhaikhutso,,,,sehla sa boikhutšo,,,,,,kgefutso ya liki,,,,,u vala khalaṅwaha ya bola,,,,nguva yo wisa,
dsac_multi_soc_00180,offside,,,,onkant,,ukuba sendaweni engafanele,,,ukulalela,,,,umhlaba longakafaneli,indzawo lengakafaneli,,,ukuba mswenya,,,,botsetseng,tantabetse,tseneletse,,ka motswetšing,tshela mellwane,,,,,ho ba ka motswetseng,,,,,u lalela,,,,ofusayiti,
dsac_multi_soc_00181,offside position n.,,,,onkantposisie,,indawo engafanele,,,ukulalela endaweni engafanelekanga,,,,kuba semhlabeni longakafaneli,kuba sendzaweni lengakafaneli,,,ubujamo bokuba mswenya,,,,ka mo botsetseng,mo matantabelong,,,go ba ka motswetšing,,,,,,motswetseng,ho thobela ka motswetseng,,,,u vha wo lalela,,,,xivandla xa ofusayiti,
dsac_multi_soc_00182,offside trap,,,,onkantlokval,,umgogo wokuba sendaweni engafanele,,,iqhinga lokwenza umdlali ukuba alalele,,,,lichinga lekubambisa umdlali,,,,isithiyo somswenya,,,,serai,,,,molaba,,,,,,leraba la ka motswetseng,sefi sa ka motswetseng,,,,u lalelisa,,,,mphaseko hi ofusayiti,
dsac_multi_soc_00183,one-man advantage,,,,ekstraspelervoordeel,,ukudlala nabashodayo,,,ukuthi chatha ngomdlali omnye,,,,kuvuneka ngemdlali,,,,inzuzomdlali,,,,tshiamelo ka motshameki,,,,go ba le mmapadi o tee go feta baphenkgišani,go ba le moraloki o tee go feta baphenkgišani,,,,,ho bapala le sehlopha se kgenohileng,,,,,u vha vhanzhi nga muthu muthihi,,,,ku tlanga na xipanu xa nkayivelo wa un`we,
dsac_multi_soc_00184,onside,,,,aankant,,ukuba sendaweni efanele,,,ukuba sendaweni efanelekileyo,ukungalaleli,,,kuba semhlabeni lofanele,kuba sendzaweni lefanele,,,ukungabi mswenya,,,,go se tantabele,go se tsenelele,mo maemong,,go se be ka motswetšing,go se tshele mellwane,,,,,ho se be ka motswetseng,,,,,u sa lalela,,,,ku va eka xivandla xa kahle,
dsac_multi_soc_00185,opponent,,,,opponent,teenstander,imbangi,,,umdlali weqela elikhuphisana nelinye,,,,imbangi,,,,umbangisani,,,,mmakisani,moemakgatlhanong,,,mophenkgišani,mmakišani,,,,,wa direng,,,,,mukhaedu,,,,muphikizi,
dsac_multi_soc_00186,outswinger,,,,uitswaaier,,ibhola eligobela ngaphandle,,,ubuchule bokukhaba ibhola igobele kude ezipalini,,,,kugobela ngaphandle,,,,umsikelongaphandle,,,,kobelang,panana,,,kgwele ya go gegela go tšwa dinong,kgwele ya go kekemela thoko go tšwa dinong,,,,,ho lahla sethibathibane,,,,,tsongela nnḓa,khuyela nnḓa,,,ku govela bolo ekule na tipala,
dsac_multi_soc_00187,overhead kick,,,,oorhoofse skop,,uqethu,,,ukukhaba ibhola uyiqabelise entloko,,,,phendu,kulikhahlela ngetulu kwenhloko,,,umkalangwana,iphendu,,,mokanangwana,,,,mokanangwana,,,,,,mokalangwane,,,,,phindu,,,,marahelo ya xibayisikiri,
dsac_multi_soc_00188,overlap n.,,,,oorslaan,,ukushoshela komdlali,ukuhlasela kwabadlali basemuva,,ukusuka komdlali emva eyokongezelela kuhlaselo,,,,kushoshela,,,,ukungenelela,,,,sutlhelela,,,,tlhaselo ya bahlabaneladino ba ka thoko,,,,,,ho thobisa,,,,,fhiruludza,,,,nyokovelo hi le matlhelo,
dsac_multi_soc_00189,own goal,,,,eie doel,,umkhonto ogwaze ekhaya,,,ukufakela elinye iqela inqaku ngempazamo,ukugwaza ekhaya,,,kugwaza ekhaya,,,,ukugondela ngekhaya,ukubetha ngekhaya,,,go itlhaba ka lerumo,,,,go noša ka dinong tša geno,,,,,,ho itlhaba ka lerumo,ho hlaba ntlha ka mekwallong ya heno,,,,u ḓikora,u ḓinwisela,,,ku tihowisela,
dsac_multi_soc_00190,pace,,,,tempo,pas,isivinini,,,isantya somdlalo,,,,sivinini,,,,ibelo,,,,lebelo,sekgatlha,,,lebelo,,,,,,sekgahla,,,,,luvhilo,,,,rivilo,
dsac_multi_soc_00191,pass,,,,aangee,,ukuphasa,,,ukupasa ibhola,ukudlulisa ibhola,,,kunika,,,,ukudlulisa ibholo,ukurarhela ibholo,,,ragela,phasa,romela,,ragela kgwele,fetiša kgwele,,,,,rahela,,,,,u rahela,u ṋekedza,,,ku rahela,
dsac_multi_soc_00192,penalize,,,,straf,,ukujezisa,isijeziso,,ukohlwaya,,,,kuhlawulisa,kujezisa,,,-jezisa,-hlawulisa,,,otlhaya,,,,otla,,,,,,otla,,,,,u laṱisa,,,,xupula,
dsac_multi_soc_00193,penalty,,,,straf,,iphenathi,,,ipenalthi,isohlwayo,,,emlotseni,iphenalthi,,,iphenalthi,,,,penele,,,,phenale,,,,,,penele,,,,,ndaṱiso,,,,phenalithi,
dsac_multi_soc_00194,penalty area,,,,strafskopgebied,,indawo yephenathi,ebhokisini,,umhlaba wepenalthi,umhlaba wesohlwayo,,,indzawo yephenalthi,indzawo yasomapali,indzawo yamendi,,indawo yephenalthi,,,,karolo ya moloreng,karolo ya penele,,,lefelong la phenale,,,,,,sebaka sa penele,,,,,vhupo ha ndaṱiso,,,,xivandla xa phenalithi,
dsac_multi_soc_00195,penalty kick,spot kick,,,strafskop,,ukukhahlela iphenathi,ukushaya iphenathi,,ukukhaba ipenalthi,,,,kukhahlela iphenalthi,kushaya iphenalthi,,,ukurarha iphenalthi,,,,thago ya moloreng,thago ya penele,,,thago ya phenale,,,,,,thaho ya penele,,,,,thaho ya ndaṱiso,thaho ya milorani,,,ndzaho wa phenalithi,
dsac_multi_soc_00196,penalty mark, penalty spot,,,strafskopmerk,,isemlotheni,,,ichaphaza lepenalthi,uphawu lwepenalthi,,,emlotseni,,,,isikghudlhwana,emlotheni,imerego yephenalthi,,letshwao la penele,moloreng,,,moloreng,,,,,,letshwao la penele,moloreng,,,,milorani,miorani,,,xivandla xo rahela phenalithi,
dsac_multi_soc_00197,penalty shootout,,,,uitklopdoelstryd,,ukushaywa kwamaphenathi,ukukhahlelwa kwamaphenathi,,ukugqityezelwa komdlalo ngeepenalthi,ukukhatywa kweepenalthi,ukuhluza ngeepenalthi,,kushaywa kwemaphenalthi,,,,ukurarhwa kwamaphenalthi,ukubethwa kwamaphenalthi,,,tshwetso ka dipenele,,,,thago ya diphenale,,,,,,thaho ya dipenele,,,,,thaho dza milorani,,,,ndzaho wa tiphenalithi,
dsac_multi_soc_00198,penalty spot  penalty mark,,,,penalty spot,,isemlotheni,,,ichaphaza lepenalthi,,,,emlotseni,,,,isikghudlhwana,,,,letshwao la penele,,,,moloreng,,,,,,letshwao la penele,,,,,milorani,,,,xivandla xo rahela phenalithi,
dsac_multi_soc_00199,penalty-taker,,,,skopper,,umshayi wephenathi,,,umkhabi wepenalthi,,,,umshayiphenalthi,umtsatsiphenalthi,,,umrarhi wephenalthi,,,,moragapenele,,,,moragaphenale,,,,,,morahapenele,,,,,murahi wa thaho ya milorani,murahi wa thaho ya ndaṱiso,,,murahi wa phenalithi,
dsac_multi_soc_00200,pitch, field of play,,,speelveld,,inkundla,,,ibala,,,,inkhundla,,,,itatawu,ikundla,,,lebala la motshameko,patlelo ya motshameko,,,lepatlelo,,,,,,lebala,,,,,luvhanḓe,mudavhi,,,rivala,
dsac_multi_soc_00201,pivot kick,,,,draaiskop,,ukukhahlela ngokujika,,,ubuchule bokujika ngokukhawuleza ukhaba ibhola,,,,kujika ukhahlele,,,,ukurarha ngokujika,,,,moretologa,,,,thagothetologo,,,,,,ho hlanama,,,,,thahothembuluwo,,,,ku raha hi le ndzeni ka nkondzo,
dsac_multi_soc_00202,place kick,,,,stelskop,,ukukhahlela ibhola libekwe phansi,,,ukukhaba ibhola kwindawo yesohlwayo,,,,lekubekelwa,,,,ukurarha ibholo ebekiweko,umabekwararhwe,,,thankgololo,,,,thagothwi,,,,,,mohlongwafatshe,,,,,thahawoga,u raha u sa thithiswi,,,ndzaho wa le xikarhi ka rivala,
dsac_multi_soc_00203,player-of-the-year-award,,,,speler-van-die-jaar-toekenning,,umklomelo womdlali wonyaka,,,imbasa yomdlali wonyaka obalaseleyo,imbasa yomdlali wonyaka ozibaluleyo,,,umklomelo wemdlali wemnyaka,,,,unongorwana womdlali womnyaka,,,,kabo ya setshameki sa ngwaga,,,,sefoka sa sebapadi sa ngwaga,,,,,,kgau ya sebapadi sa selemo,,,,,tshiphuga tsha mutambimakone wa ṅwaha,,,,sagwadi ra mutlangi wa lembe,
dsac_multi_soc_00204,play offs,,,,uitspeelwedstryde,,umdlalo wokuhlunga,,,umdlalo wokuhlengahlengisa amaqela,umdlalo wokuhluza amaqela,,,umdlalo wekuhlunga,,,,umdlalo wokukhetha iinkutani,,,,metshamekotlhotlho,,,,meraloko ya bohlokolankgwete,dipapadi tša bohlokolankgwete,meraloko ya mantšhanakgang,dipapadi tša mantšhanakgang,mebetšhe ya mantšhanakgang,mebetšhe ya bohlokolankgwete,mantshano,,,,,mitambo ya vhugweṋa,,,,mitlangu yo kuma tingwenya,
dsac_multi_soc_00205,play on,,,,speel voort,,-qhubeka nokudlala,,,umdlalo mawuqhube,,,,chubeka udlale,,,,ukuragela phambili komdlalo,,,,tswelela,tsweletsa tshameko,,,go tšwetšwa pele ga papadi,,,,,,bapala,,,,,u bvela phanḓa,,,,yana mahlweni na ntlangu,
dsac_multi_soc_00206,possession {ball},,,,besit {bal},,ukugcina ibhola,,,ukufumana ibhola,ukubanebhola,,,kuba nelibhola,,,,ukubamba ibholo,,,,tshwarokgwele,,,,go swara kgwele,go swara bolo,,,,,taolo ya bolo,,,,,u vha na bola,,,,makhomelo,
dsac_multi_soc_00207,Premier Soccer League,,,,Premier-Sokkerliga,,iLigi Yesigaba Esiphezulu,,,iLigi yooMpondo zihlanjiwe,,,,i-Premier Soccer League,iligi lenkhulu,,,i-Premier Soccer League,,,,Llikikgolo ya Kgwele ya Dinao {Aforikaborwa},,,,Llikikgolo ya Kgwele ya Maoto,,,,,,Liki ya Porimiya,,,,,Ḽigi ya Phrimia,,,,Liginkulu,
dsac_multi_soc_00208,pre-season,,,,voorseisoen,,ngaphambi kokuqala kwesizini,,,ixesha laphambi kokuqala kwemidlalo,,,,sikhatsi lesendvulela iligi,isizini,sikhatsi sekulungiselela kudlalwa,,isikhathi sangaphambi kokuthoma kwemidlalo,,,,paka pele ga tshimololosetlha,,,,nako ya pele ga sehla se seswa,,,,,,pele ho sehla,,,,,thangelakhalaṅwaha,,,,xirhangelanguva,
dsac_multi_soc_00209,professional foul,,,,doelbewuste fout,,ukudlala kabi ngenhloso,,,ukudlala kakubi okubangela umdlali akhutshwe zisuka,ukudlala kakubi okugxothisa ngoko nangoko,,,liphutsa langemabomu,,,,ukuliya ngabomu,,,,phoso ya ka bomo,phoso ka maikaelelo,,,phošo ya ka boomo,phošo ka maikemišetšo,,,,,ho ja mmetwane,ho qhekella,,,,vhukhakhi ha vhuḓiimiseli,,,,xihoxo xa xiphurofexinali,
dsac_multi_soc_00210,punt,,,,kortskoppie,skoppie,ukudedela kukanozinti ibhola alikhahlele,,,ukudropha,idrophu,,,kulikhahlela bume,,,,ikhithizurarhe,,,,mokgwantshokgwele {ka leoto},,,,go tentiša kgwele pele e ragwa,go pampiša kgwele pele e ragwa,,,,,ho qhomisa o raha,,,,,thahongwiswa,,,,nkhunguluxo {bolo},
dsac_multi_soc_00211,qualifier,,,,uitdunwedstryd,,umdlalo wokulwela ukungena emqhudelwaneni,,,umdlalo wamangenelo,umdlalo wokungenela,,,umdlalo wekwemukeleka,umdlalo wekulungela,,,umdlalo wokulungela,,,,motshamekotshutlhelelo,,,,matsentšhagae,tumelelo,,,,,papadi ya ho phunyeletsa,,,,,mutambo wa u swikela,,,,ntlangu wo hundzela emahlweni,
dsac_multi_soc_00212,qualify,,,,kwalifiseer,,ukufaneleka,,,ukuvumeleka kumangenelo,,,,-emukeleka,lungela,,,-lungela,,,,sutlhelela,,,,dumelela,,,,,,ho phunyeletsa,,,,,u swikela,,,,hundzela emahlweni,
dsac_multi_soc_00213,qualifying matches or games,,,,uitdunwedstryde,,imidlalo yokuhlunga,,,imidlalo yamangenelo,imidlalo yokungenela,imidlalo yokuhluza,,imidlalo yekwemukeleka,imidlalo yekulungela,,,imidlalo yokulungela,,,,metshamekotshutlhelelo,,,,dipapadi tša matsentšhagae,dipapadi tša tumelelo,dithaloko tša matsentšhagae,dithaloko tša tumelelo,mebetšhe ya matsentšhagae,mebetšhe ya tumelelo,dipapadi tsa ho phunyeletsa,dipapadi tsa ho fetela mokgahlelong o latelang,,,,mitambo ya u swikela,mitambo ya tswikelo,,,mitlangu yo humesana,
dsac_multi_soc_00214,rebound n. {ball},,,,terugspring {bal},,ibhola elishaya ipali libuyele enkundleni,,,ukubetheka kwebhola ibuye,,,,libuya {ibhola},,,,ibuya {ibholo},ibethabuya,,,mmoelela {kgwele},,,,kgwele ya go betha kota ya boela ka gare,kgwele ya go betha pala ya boela ka gare,,,,,bolo e kgutliswang ke mekwallo,,,,,khumela {bola},,,,ku ba pala yi vuya,
dsac_multi_soc_00215,red card,,,,rooikaart,,ikhadi elibomvu,,,ikhadi elibomvu,,,,likhadi lelibovu,,,,ikarada elibomvu,,,,karatakhibidu,,,,karata ye khwibidu,karata ye khubedu,,,,,karete e kgubedu,,,,,garaṱa tswuku,,,,karata ro tshwuka,
dsac_multi_soc_00216,referee,,,,skeidsregter,,unompempe,unondweba,,usompempe,,,,somfengwane,sompempe,,,usofengwana,usopembe,,,motsereganyi,molaolamotshameko,moletsaphala,,malokwane,,,,,,moletsaphala,molaolapapadi,moteaphala,,,malogwane,mulangamutambo,,,n'watipempe,
dsac_multi_soc_00217,referee's whistle n.,,,,fluitjie,,impempe,indweba,imfengwane,impempe kasompempe,,,,imfengwane,impempe,,,ifengwana kasofengwana,ipembe kasopembe,,,phala,nakana,,,nakana,sempsherere,,,,,phala,,,,,ndwevha ya malogwane,ndwevha ya mulangamutambo,tshiṱiriri tsha malogwane,tshiṱiriri tsha mulangamutambo,xitswiriri,
dsac_multi_soc_00218,relegate,,,,relegeer,afskuif,-yehlisa,,,ukuhlisela,,,,ehlisela,dliwa lizembe,,,-ehlisa,,,,diga,rema,folosa,,bušetšwa fase,bušetšwa tlase,theošwa,fološwa,,,theolela boemong bo tlase,,,,,u tsitsela fhasi,,,,ehlisa,
dsac_multi_soc_00219,relegation,,,,relegasie,afskuiwing,ukudliwa yizembe,ukuya ehlathini,,ukuhlisela,,,,kudliwa lizembe,kwehlisa,,,ukwehlisa,,,,pholosetsotlase,pholosomaemo {ga setlhopha},tigomaemo,,go fološwa,,,,,,ho theolela boemong bo tlase,,,,,u tsitswa,,,,enhliso,
dsac_multi_soc_00220,relegation zone,,,,relegasiesone,afskuifsone,ukuba semsileni weligi,,,umngcipheko wokuhliselwa,,,,kuba sezembeni,kuba semsileni,,,ezembeni,ubujamo bokukhithika,,,karolotigomaemo,,,,maemo a tlase lliking,,,,,,mohatleng,tjhobeng,,,,vhuimo ha u tsitswa,,,,xiyimo xa enhliso,
dsac_multi_soc_00221,reserve n.,,,,plaasvervanger,reserwe,umcuphingozi,irizevu,umdlali osebhentshini,ilalela,,,,lolindzile,,,,umgadisimetjhe,umjamiseleli,irizevu,,motshameki yo o kwa bankeng,motlatsabatshameki,moemedi,,moakotši,moakgodi,,,,,risefe,sebapadi se kenelang se seng,,,,muanguli,,,,muwisisi,
dsac_multi_soc_00222,retaliate,,,,weerwraak neem,,ukuphindisela,,,ukubuyisa isixhiba,ukuziphindezela,,,phindzisela,,,,-zibuyiselele,,,,ipusolosetsa,,,,ipušeletša,itefeletša,,,,,iphetetsa,,,,,lifhedza,,,,rihisela,
dsac_multi_soc_00223,reverse a decision,,,,'n beslissing omkeer,,ukuguqula isinqumo,,,ukurhoxisa isigqibo,,,,gucula sincumo,,,,-hlehlisa isiqunto,,,,go fetola tshwetso,,,,fetola sephetho,gomiša sephetho,,,,,ho fetola qeto,,,,,u shandukisa tsheo,,,,cinca xiboho,
dsac_multi_soc_00224,right-footed player,,,,regsvoetige speler,,umdlali osebenzisa unyawo lwesokudla,,,inene,umdlali okhaba ngonyawo lwasekunene,,,losebentisa lunyawo lwesekudla,,,,umdlali odlala ngenyawo lesidla,umdlali odlala ngenyawo lesigoma,,,moje,,,,moralokakammagoja,moralokakalagoja,,,,,lehoja,,,,,nyauḽa,,,,n`waxinene,
dsac_multi_soc_00225,roving player, free-role player,,,vryspelspeler,,umdlali okhululekile,,,umdlali odlala ibala lonke,,,,umjikeleti,umdlali lokhululekile,,,umdlali onganandawo,umdlalikoke,,,motshamekagotlhe,,,,mmapadi wa go itaola,moraloki wa go itaola,,,,,sebapadi se thalang,,,,,mutambahoṱhe,,,,mutlangaswiyimohinkwaswo,
dsac_multi_soc_00226,rules of the game,,,,spelreëls,reëls van die spel,imithetho yomdlalo,,,imigaqo yomdlalo,imithetho yomdlalo,,,imitsetfo yemdlalo,,,,imithetho yomdlalo,,,,melawana ya motshameko,,,,melao ya papadi,,,,,,melawana ya papadi,,,,,milayo ya mutambo,,,,milawu ya ntlangu,
dsac_multi_soc_00227,runner-up,,,,naaswenner,,iqembu eliphume isibili,,,iqela elikwindawo yesibini,,,,lophume sibili,,,,ukuphuma isibili,,,,molatlhegelwa {wa makgaolakgang},,,,sehlopha sa maemo a bobedi,,,,,,sehlopha se bobeding,,,,,mukundwa kha makhaulatshele,mukundwa kha makhaulakhani,,,xipanu xa xiyimo xa vumbirhi,
dsac_multi_soc_00228,SAFA,South African Football Association,,,Suid-afre Sokkervereniging,SA Voetbalvereniging,i-SAFA,iNhlangano Eyengamele Ezikanobhutshuzwayo ENingizimu Afrika,,iSAFA,uMbutho woMzantsi Afrika weBhola eKhatywayo,,,i-SAFA,,,,i-SAFA,iHlangano eNgamele iBholo eRarhwako eSewula Afrika,,,SAFA,Mokgatlho wa Kgwele ya Dinao wa Aforikaborwa,MOKGWEDIA,,SAFA,Mokgatlo wa Kgwele ya Maoto wa Afrika Borwa,,,,,SAFA,Mokgatlo wa Bolo wa Aforika Borwa,,,,SAFA,Dzangano ḽa Bola ya Milenzhe ḽa Afrika Tshipembe,,,SAFA,Nhangano wa Bolo wa Afrika Dzonga
dsac_multi_soc_00229,SAFPU,South African Football Players Union,,,Suid-afre Sokkerspelersvereniging,SA Voetbalspelersvereniging,i-SAFPU,iNyunyana Yabadlali Bakanobhutshuzwayo ENingizimu Afrika,,iSAFPU,UManyano loMzantsi Afrika lwabaDlali beBhola eKhatywayo,,,i-SAFPU,,,,i-SAFPU,iNyonyana yabadlali beBholo eRarhwako eSewula Afrika,,,SAFPU,Mokgatlho wa BatshamekaKgwele ba Porofešhenale ba Aforikaborwa,MBPA,,SAFPU,Mokgatlokopano wa Baraloki ba Kgwele ya Maoto wa Afrika Borwa,,,,,SAFPU,Mokgatlo wa Dibapadi tsa Bolo wa Aforika Borwa,,,,SAFPU,Mbumbano ya Vhatambi vha Bola ya Milenzhe ya Afrika Tshipembe,,,SAFPU,Nhlangano wa Vatlangi va Bolo wa Afrika Dzonga
dsac_multi_soc_00230,save n.,,,,goeie keerslag,,ukuvimba,,,ukuhlangula,,,,vimba,,,,ukuvimba,ukukhandela,ukuhlenga,,sireletsa,,,,go thiba,go swara,,,,,thiba,,,,,thivha,,,,ku siva,
dsac_multi_soc_00231,score n.,,,,telling,,amagoli,inani lamagoli,,isiphumo somdlalo,isikora,,,umphumela,,,,amaphuzu,inani lamagondelo,isikoro,,ntlha,nno,,,nno,ntlha,,,,,dintlha,,,,,mvelelo,tshikoro,,,xikoro,
dsac_multi_soc_00232,score v.,,,,doel aanteken,,-faka igoli,-shaya igoli,-kora,ukufaka inqaku,ukukora,,,-golisa,-faka ekhatsi,-kora,,-kora,-betha igondelo,,,go nosa,go kora,go tlhaba ntlha,,nweša,noša,kora,,,,hlaba ntlha,kora,,,,kora,nwisa,,,howisa,
dsac_multi_soc_00233,season,,,,seisoen,,isizini,,,ixesha lonyaka lezemidlalo,,,,sikhatsi semidlalo,isizini,,,isikhathi semidlalo,isizini,,,setlha,,,,sehla,,,,,,sehla,,,,,khalaṅwaha,,,,nguva,
dsac_multi_soc_00234,second division,,,,tweede liga,,isigaba sesibili,,,inqanaba lesibini,,,,sigaba sesibili Seligi,,,,iligi yesibili,,,,llikipotlana,,,,lliki ya bobedi,,,,,,divishene ya bobedi,,,,,khethekanyo ya vhuvhili,,,,ligi ya vumbirhi,
dsac_multi_soc_00235,second half {match},,,,tweede helfte {wedstryd},,isiwombe sesibili,,,isigaba sesibini somdlalo,,,,incenye yesibili {umdlalo},,,,isiquntu sesibili somdlalo,,,,seripa sa bobedi,karolo ya bobedi,,,karolo ya bobedi {papadi},,,,,,karolo ya bobedi,,,,,luṱa lwa vhuvhili {mutambo},,,,xiphemu xa vumbirhi,
dsac_multi_soc_00236,second leg,,,,tweede been,,umlenze wesibili,,,umjikelo wesibini,,,,umlente wesibili,,,,umlenze wesibili,,,,leoto la bobedi,,,,leoto la bobedi la phadišano,legato la bobedi la phadišano,,,,,mokgahlelo wa bobedi,,,,,mulenzhe wa vhuvhili,,,,nenge wa vumbirhi,
dsac_multi_soc_00237,semi-final,,,,halfeindrondte,semifinaal,umdlalo owandulela owamanqamu,,,umdlalo owandulela owamanqam,umdlalo owandulela owamagqibela kankqoyi,,,lowendvulela emancamu,,,,umdlalo wangaphambi kowokuphela,umdlalo wangaphambi kowokugcina,,,sekamakgaolakgang,,,,sekamakgaolakgang,,,,,,sekamakgaolakgang,,,,,thangelamakhaulatshele,thangelamakhaulakhani,,,ntlangu wo hundzela eka wo hetelela,
dsac_multi_soc_00238,shielding,,,,wegkering,,ukuvikela ibhola,,,ukukhusela,,,,kuvikela,,,,ukuvikela,,,,go sireletsa,,,,go šireletša,,,,,,ho sireletsa,,,,,u tsireledza,,,,ku sirhelela,
dsac_multi_soc_00239,shin guard,shin pad,,,skeenskut,skeenskerm,isivikelambala,,,isikhuseli-mbande,,,,sivikelambala,,,,isivikelimbala,,,,sesireletsamoômo,,,,sešireletšanomo,sešireletšamoomo,sešireletšanotlo,,,,sesireletsammomo,,,,,tshitsireledzaṅwonḓo,,,,xisirhelelarihandzu,xisirhelelanhlampfana
dsac_multi_soc_00240,short-handed,,,,onderbeman {onderbemande span},,ukudlala ngabadlali abangaphelele,,,ukusilela ngabadlali,,,,kusilela ngebadlali,,,,-tlhayelelwako,,,,tlhaelobatshameki,,,,go raloka ka babapadi ba go hlaelela,go raloka ka baraloki ba go se lekane,,,,,kgaello ya dibapadi,,,,,u tamba ni songo lingana,,,,ku tlanga hi vatlangi lava kayivelaka,
dsac_multi_soc_00241,shot,,,,skoot,,unyazi,imbumbulu,ishodi,imbumbulu,ilahle,,,intsambo,umbani,ishodi,imbumbulu,itjhodo,,,,thago,,,,thagelodinong,,,,,,letolo,,,,,mushosho,,,,njamba,
dsac_multi_soc_00242,sideline, touch line,,,kantlyn,,umugqa osekupheleni kwenkundla,,,umda webala emacaleni,,,,umugca loseceleni kwenkhundla,,,,umuda wangeqadi,,,,molathoko,,,,mothalo wa lepatlelo wa ka thoko,mollwane wa ka thoko,,,,,moedi wa lebala,,,,,mutalo wa nga matungo,,,,ntilwa wa le tlhelo ka rivala,
dsac_multi_soc_00243,signal n.,,,,teken,,ukukhuluma buthule,ukukhuluma ngezimpawu,,umqondiso,,,,luphawu,isayini,,,isitjengisi,,,,tshupetso,,,,tšhupetšo,taetšo,,,,,ho bontsha,sesupo,pontsho,,,ngafhadzo,,,,xikoweto,
dsac_multi_soc_00244,signing-on fee,,,,aankoopbedrag,aankoopgeld,imali yokusayinisa umdlali,,,isabelo somdlali othengiweyo,,,,imali yekusayina,intsengo yemdlali,,,imali yokutlikitla komdlali,,,,tuelokwadiso {motshameki},,,,tšhelete ya boingwadišo,,,,,,tefo ya ho saena,,,,,tshelede ya u saina mutambi,,,,hakelo ya mutlangi loko a joyina xipanu,
dsac_multi_soc_00245,simulation,,,,voorgeëry,,ukuzenzisa,,,ukuzenzisa,ukumfamekisa,,,kutentisa,,,,ukuzenzisa,,,,iketsiso,tsietso,,,boitirišo,boomo,makatika,,,,boiketsiso,,,,,u ḓiita o huvhalaho,,,,ku tiendlisa,
dsac_multi_soc_00246,sliding tackle,,,,skuifneerbring,,ukumaka ngokushishiliza,,,ukuhlutha ibhola ngokutshebeleza,ukuslayida,,,kumakha ngekuhula,kumakha ngekushishilita,,,umtjhitjhirizo,,,,kgwetlhokgwele ka theletsane,,,,go thiba ka go gagabiša leoto,,,,,,tshireletso ka ho phetjha,ho kga sebapadi,,,,u dzhena nga u swendela,,,,ku raha hi ku etlelela,
dsac_multi_soc_00247,soccer academy,,,,sokkerakademie,,isikole sikanobhutshuzwayo,,,iziko lokufundisa ibhola ekhatywayo,iziko lokufundisa isoka,,,sikolo sebhola,,,,isikolo sebholo,,,,sekolo sa kgwele ya dinao,,,,sekolo sa go ikgetha sa kgwele ya maoto,,,,,,akhademi ya bolo,,,,,tshikolo tsha bola,,,,xikolo xa bolo,
dsac_multi_soc_00248,soccer analyst,,,,sokkerontleder,,umhlaziyi kanobhutshuzwayo,,,umhlalutyi womdlalo webhola ekhatywayo,umhlalutyi womdlalo wesoka,umphononongi webhola ekhatywayo,umphononongi wesoka,umhlatiyi webhola,,,,umhlaziyi webholo,umcozululi webholo,,,mosekasekamotshameko,,,,mosekaseki wa kgwele ya maoto,,,,,,momanolli wa bolo,mohlopholli wa bolo,,,,musaukanyi wa bola,,,,muxopelatlangu,
dsac_multi_soc_00249,soccer boot,,,,sokkerstewel,,ikhokho,,,ikoksi,isihlangu sebhola,,,likhokho,,,,inyathelo lebholo,ikhoksi,,,khokho,,,,seeta sa kgwele ya maoto,khokho,,,,,seeta sa bolo,,,,,khokho,,,,khokho,
dsac_multi_soc_00250,soccer kit,,,,sokkeruitrusting,,umjezi,izimpahla zikanobhutshuzwayo,,ikiti yebhola ekhatywayo,ikiti yesoka,impahla yokudlala ibhola ekhatywayo,impahla yokudlala isoka,ikhithi,tembatfo tebhola,,,izambatho zebholo,ipahla yebholo,,,kêre,seaparo sa kgwele ya dinao,,,diaparo tša kgwele ya maoto,kere,,,,,seaparo sa bolo,,,,,gere ya bola,,,,gere,
dsac_multi_soc_00251,soccer tournament,tournament,,,sokkertoernooi,,umqhudelwano kanobhutshuzwayo,,,itumente yebhola ekhatywayo,itumente yesoka,,,umchudzelwano webhola,,,,iphaliswano lebholo,,,,kgaisano ya kgwele ya dinao,,,,phadišano ya kgwele ya maoto,thonamente ya kgwele ya maoto,,,,,tlhodisano ya bolo,,,,,muṱaṱisano wa bola,thonamennde ya bola,,,mphikizano wa ntlangu wa bolo,
dsac_multi_soc_00252,spectacular,,,,skouspelagtige wedstryd,,ingcwenga yebhola,,,isenzo esinomtsalane emdlalweni,isenzo esinika umdla emdlalweni,izinto ezibukwayo,isenzo esibukekayo,umdlalo lonelisasasa,umdlalo lonelidvumela,,,ukudlala okubukwako,,,,matsetseleko,,,,tiragatšo ye botse,tiragatšo ya go kgahliša,,,,,kgabane,,,,,mutambo wa maimo,mutambo wa nṱhesa,,,ntlangu wo koka mahlo,
dsac_multi_soc_00253,spectator,,,,toeskouer,,isibukeli,,,umbukeli,,,,sibukeli,,,,isibukeli,,,,mmogedi,,,,mmogedi,,,,,,mmohi,molebelli,moshebelli,,,muṱaleli,,,,muhlaleri,
dsac_multi_soc_00254,squad,,,,oefengroep,,isikwadi,,,isikwati,isikwadi,iqela,,sikwadi,,,,isikwata,,,,setlhopha,,,,sehlopha,,,,,,sehlopha,sekwate,,,,tshikwadi,,,,xipanu,
dsac_multi_soc_00255,square pass,,,,hoekaangee,,ibhola elivundlayo,iphasi evundlayo,,ukuxwesisa ibhola,ukuskwerisha,,,kugoba ibhola,,,,ukuskwerela,ukurarhela okusikwere,,,thomelokgabaganyo,,,,thagoputla,,,,,,sekwere,mokoropetso,,,,u govha,,,,mpetsoxinjovo,
dsac_multi_soc_00256,stationary ball,,,,stil bal,lêbal,ibhola elimile,,,ibhola emileyo,,,,ibhola lenganyakati,ibhola lemile,,,ibholo ejamileko,,,,kgwele e e emeng,,,,kgwele ya go se šute,kgwele ya go ema,,,,,bolo e emeng,,,,,bola yo imaho,,,,bolo leyi yimeke,
dsac_multi_soc_00257,stoppage time,referee's optional time,injury time,additional time,ekstra tyd,,isikhathi sikanompempe,isikhathi sikanondweba,isikhathi esengeziwe,ixesha likasompempe,ixesha leziphazamiso,,,sikhatsi lesengetiwe sasomfengwane,sikhatsi lesengetwako,,,isikhathi esingezelelweko,isikhathi sokujama,isikhathi sokulimala,,nako ya moletsaphala,nako ya molaolamotshameko,nako ya motsereganyi,,nakokokeletšo,nakotlaleletšo,,,,,nako ya moteaphala,nako ya moletsaphala,nako ya molaolapapadi,,,tshifhinga tsho tambiseaho,,,,nkarhi wa n`watipempe,
dsac_multi_soc_00258,stud,,,,soolknoppie,,isitadi sekhokho,,,iqhuqhunya lekoksi,iqhuqhunya lesihlangu sebhola,,,sitadi,,,,ingono yekhoksi,isitadi,,,setsetnso,leino,letselana,,letswele la khokho,leino la khokho,,,,,leino la khokho,,,,,ḽiṋo ḽa khokho,,,,mutwa,
dsac_multi_soc_00259,studs showing,,,,soolknoppies wat wys,,ukuveza amastadi,,,ukumaka ngokuyingozi uveze amaqhuqhunya eekoksi,ukuveza amaqhuqhunya ezihlangu zebhola ngokuyingozi,,,kuveta emastadi,kuveta emanyeva,,,ukuveza iingono zekhoksi,ukuveza amasitadi,,,pontshoditsetnso,pontshomeno,pontshomatselana,,taetšo ya meno a khokho,pontšho ya matswele a khokho,,,,,ho bontsha meno a dikhokho,,,,,u imisa maṋo a khokho,,,,ku kombisa ehansi ka tikhokho,
dsac_multi_soc_00260,substitute,,,,plaasvervanger,,umdlali ofakiwe,,,ilalela,,,,lovala lophumako,lotsatsa indzawo,,,umjamiseleli,,,,moemedi,moemela,mothibaphatlha,,moakotši,moakgodi,,,,,mothibasekgeo,,,,,muanguli,mudzheneli,,,muwisisi,
dsac_multi_soc_00261,substitutes' bench,reserves' bench,bench,,plaasvervangersbank,reserwebank,ibhentshi,,,isitulo samalalela,ibhentshi,,,libhentji,indzawo yalabalindzile,,,ibhanga labagadisimetjhe,ibhanga labajamiseleli,ibhanga lamarizevu,,banka ya baemedi,banka ya baemela,banka ya bathibaphatlha,banka ya baemisetsi,panka ya baakotši,panka ya baakgodi,,,,,bentjhe ya bathibadikgeo,banka ya bathibadikgeo,,,,bannga ya vhaanguli,bannga ya vhadzheneli,,,bence ya vawisisi,
dsac_multi_soc_00262,substitution,,,,vervanging,,ukushintsha umdlali,,,ukufaka umdlali endaweni yomnye,ukutshintsha umdlali ngomnye,,,kuntjintja umdlali,kufaka umdlali,,,ijamiselelo,,,,phetolelothefoso,,,,boakotši,boakgotši,,,,,ho thiba sekgeo,ho kwala sekgeo,,,,u angula,u dzhenisa muṅwe mutambi,,,ku wisisa,
dsac_multi_soc_00263,sudden death,,,,uitklop,,uwafawafa,,,isigaba sokugqibela kwiipenalthi,,,,litfuba lekugcina lemaphenalthi,wafa wafa,,,Isiphetho tsi,iphenalthi kawafawafa,,,thagotshwetso,,,,phenale ya sephetho,,,,,,ho kgaola kgang,,,,,thaho ya makhaulatshele,thaho ya makhaulakhani,,,phenalithi yo herisa ntlangu,
dsac_multi_soc_00264,sweeper,,,,veër,,umdlali okhwezela emuva,umdlali olawula emuva,isitobha,uval'amazibuko,uvingc'amazibuko,iswipha,,sitobha,,,,isitopa,iswipha,,,motshamekamorago,,,,mmapalamoragogare,moralokamoragogare,,,,,mmapalamorao,,,,,mutambamurahu wa u fhedzisela,,,,mugogi,
dsac_multi_soc_00265,tackle,,,,aanvat,,-zama ukuthatha ibhola,,,ukuhlutha ibhola,ukuteklisha,,,-makha,,,,-linga ukuthatha ibholo,,,,go tlama,go gwetlha,,,baka,,,,,,maka,tlama,thiba,ho nkana lekgarakgara,sitisa,u lwela,,,,maka,
dsac_multi_soc_00266,target player,,,,teikenspeler,,umdlali ohlala eqashiwe,umdlali onobungozi,,umdlali oyintsika ekuhlaseleni,umdlali olixhadi ekuhlaseleni,,,umdlali loyingoti,,,,umdlali oqothelweko,,,,mototiwa,,,,motsepelelwa,,,,,,malalla,matsatsela,,,,mutambi wa khombo,,,,mutlangi la vekiweke tihlo,
dsac_multi_soc_00267,team colours,,,,spandrag,,imibala yeqembu,,,imibala yeqela,,,,imibala yelicembu,,,,imibala yesiqhema,,,,mebala ya setlhopha,,,,mebala ya sehlopha,,,,,,mebala ya sehlopha,,,,,mivhala ya thimu,,,,mihlovo ya xipanu,mivala ya xipanu
dsac_multi_soc_00268,team manager,,,,spanbestuurder,,imenenja yeqembu,,,umphathi weqela,umlahluzi weqela,,,umphatsi welicembu,sibondza,,,umphathi wesiqhema,,,,motsamaisasetlhopha,,,,molaodi wa sehlopha,,,,,,motsamaisi wa sehlopha,,,,,mulangathimu,,,,mininjhere wa xipanu,
dsac_multi_soc_00269,team official,,,,spanbeampte,,isikhulu seqembu,,,igosa leqela,,,,sikhulu selicembu,,,,isiphathiswa sesiqhema,,,,motlhankedi wa setlhopha,,,,mohlankedi wa sehlopha,,,,,,ofisiri ya sehlopha,,,,,muofisiri wa thimu,,,,xirho xa vufambisi bya xipanu,
dsac_multi_soc_00270,team sponsorship,,,,spanborgskap,,abaxhasi beqembu,,,inkxaso yeqela ngezintoyinto,,,,kwesekelwa kwelicembu,,,,umsekelisiqhema ngeemali,,,,ketleetso ya setlhopha,,,,bothekgi bja sehlopha ka matlotlo,,,,,,tshehetso ya sehlopha ka mehlodi,,,,,vhalambedzi vha thimu,,,,nseketelo wa xipanu,
dsac_multi_soc_00271,technical area,,,,tegniese gebied,tegniese area,indawo yebhentshi,,,indawo yamagosa ebhola,,,,libhentji lebalindzi netikhulu,,,,indawo yesiqhema,,,,karolo ya basetegeniki,,,,pankeng,,,,,,sebaka sa baeletsi ba sehlopha,,,,,vhupo ha tshigwada tsha thekhiniki,,,,vutshamo bya swirho swa xipanu,
dsac_multi_soc_00272,technical team,,,,tegniese span,,ithimba labaqeqeshi,,,iqela labaqeqeshi,,,,litsimba lebaceceshi,,,,isiqhema sababanduli,isiqhema sobuthekhnikhi,,,setlhopha sa botegeniki,,,,badiredi ba sehlopha lepatlelong,,,,,,baeletsi ba sehlopha,,,,,tshigwada tsha thekhiniki,,,,ntlawa wa xithekiniki,
dsac_multi_soc_00273,temporary suspension of play,,,,tydelike staking van spel,,ukumiswa komdlalo okwesikhashana,,,ukunqunyanyiswa komdlalo okwexeshana,ukunqunyanyiswa komdlalo okwethutyana,,,kumiswa kwemdlalo kwesikhashana,,,,ukujanyiswa komdlalo kwesikhatjhana,,,,tshekegonakwana ya motshameko,,,,kemišolebakanyana ya papadi,,,,,,kemiso ya papadi nakwana,,,,,u imisanyana mutambo,,,,ku yimisa ntlangu nkarhinyana,
dsac_multi_soc_00274,through pass,,,,deuraangee,,ukufaka ibhola esikhaleni,,,ukufaka ibhola esithubeni,emahashini,,,kulitjala,kufaka ibhola esikhaleni,,,idlulisohlangana,,,,tshutliso,,,,kgwele ya go ngaya bašireletšadino ka bogare,,,,,,ho thobisa,,,,,u phasa nga vhukati,,,,ku hundzisa bolo exikarhi ka vatlangandzhaku,
dsac_multi_soc_00275,throw in,,,,ingooi,,-phonsa ibhola,,,ukuphosa ibhola ebiphumele ngaphandle,ukuphosa ibhola ngaphakathi,,,-phosa,-jika,,,-phosela ibholo etatawini,-phosela ibholo ekundleni,,,latlhela,akgela,,,fošetša ka gare,lahlela ka gare,beletša ka gare,,,,akgela,,,,,u posa,,,,hoxa,
dsac_multi_soc_00276,time wasting tactic,,,,tydverspillingstaktiek,,ukuchitha isikhathi,,,iqhinga lokuhambisa ixesha,,,,lichinga lekucitsa sikhatsi,,,,iqhinga lokuriyadisa,,,,mathaithai a tionako,mathaithai a tshenyonako,,,makatika a go sepetša nako,manka a go sepetša nako,manka a go senya nako,,,,maqiti a ho senya nako,,,,,maitele a u tambisa tshifhinga,,,,endlelo ro dya nkarhi,
dsac_multi_soc_00277,top goal scorer award,,,,topdoelskietertoekenning,,umklomelo womshayimagoli ovelele,,,imbasa yoyena mdlali ufaka amanqaku amaninzi,,,,umklomelo wemshayimagoli,,,,unongorwana wokugondela,unongorwana wokukora khulu,,,kabo ya monosadinontsi,,,,sefoka sa monwešadino tše dintši,,,,,,kgau ya sebapadi se hlabileng dintlha tse ngata,,,,,tshiphuga tsha mukori wa zwikoro zwinzhi,,,,sagwadi ra muhowisinkulu wa ligi,
dsac_multi_soc_00278,toss,,,,loot,,ukukhetha amapali,ukuthosa,,itosi,ukutosa,iqashiso,,kuthosa,,,,ukuthosa,ukubamba ikatho,,,tikolosoledi,,,,matengwa,,,,,,lotho,,,,,madeṅwa,,,,thoso,
dsac_multi_soc_00279,training session,,,,oefensessie,,isikhathi sokuqeqesha,isikhathi sokulolonga,,ixesha lokuzilolonga,ixesha lokuziqeqesha,,,sikhatsi sekutilolonga,sikhatsi sekuticecesha,,,isikhathi sokubandulwa,,,,nakoikatiso,,,,nako ya boitšhidullo,paka ya boitšhidullo,,,,,nako ya boikwetliso,,,,,tshifhinga tsha nḓowenḓowe,,,,nkarhi wa vutiolori,
dsac_multi_soc_00280,trophy,,,,trofee,,indebe,,,indebe,,,,indzebe,inkhomishi,,,unongorwana,ithrofi,,,sekgele,sejana,,,mogopo,sebjana,,,,,mohope,,,,,khaphu,tshiphuga,,,khapu,
dsac_multi_soc_00281,two-touch passing,,,,dubbele aangee,,ukubamba ibhola ulidlulise,,,ukubamba ibhola uyidlulise,,,,kubamba ibhola uyendlulise,,,,idluliso elinguthintwakabili,,,,neeletsanosebedi,kgomaofetise,,,thago ya kgomaofetiše,,,,,,amohela o fetisa,,,,,u pfukisa bola wo i kwama luvhili,,,,ku nyiketana hi ku khumba kambirhi,
dsac_multi_soc_00282,underdogs,,,,niegunstelinge,,iqembu elidelelekile,,,iqela elidelelwayo,,,,licembu lelitsatselwa phansi,licembu lelinganiketwa tfuba,,,igebana,,,,banyatsegi,,,,banyatšegi,,,,,,sehlopha se sa lebellwang ho hlola,mepukunyane,,,,thimu i nyadziwaho kha mutambo,,,,xipanu xo languteriwa ehansi,
dsac_multi_soc_00283,unintentional handball,,,,onopsetlike handbal,,ukubamba ibhola ngephutha,,,ukubetheka kwebhola esandleni ngempazamo,,,,kulibamba ngeliphutsa,,,,ukuthintwa yibholo esandleni,,,,kgwelelebogong,,,,go kgoma kgwele ka letsogo e se ka maikemišetšo,,,,,,ho tshwara bolo ka phoso,,,,,u fara bola hu si nga khole,,,,ku khoma bolo hi xihoxo,
dsac_multi_soc_00284,unregistered player,,,,ongeregistreerde speler,,umdlali ongabhalisile,,,umdlali ongabhaliswanga,umdlali ongekho zincwadini,,,umdlali longakabhaliswa,,,,umdlali ongakatloliswa,,,,motshameki yo o sa kwadisiwang,,,,mmapadi wa go se ngwadišwe,moraloki wa go se ngwadišwe,,,,,sebapadi se sa ngodiswang,,,,,mutambi a songo ṅwaliswaho,,,,mutlangi wo ka a nga tsarisiwangi,
dsac_multi_soc_00285,unsportsmanlike conduct,,,,onsportiewe gedrag,,ukuziphatha kabi emdlalweni,,,isimo esingamkelekanga emdlalweni,ukuziphatha ngendlela engafanelekanga emdlalweni,ukuziphatha kakubi emdlalweni,,kutiphatsa kabi emdlalweni,,,,ukuziphatha kumbi emdlalweni,,,,maitsholomabe,maitsholomaswe,,,maitshwaromabe papading,maitshwaromabe thalokong,,,,,boitshwaro bo bobe,boitshwaro boo eseng ba papadi,,,,vhuḓifari vhu sa tendelwi mutamboni,,,,matikhomelo yo biha,
dsac_multi_soc_00286,venue,,,,veld,,inkundla yokudlalela,,,ibala lokudlalela,indawo ekudlalelwa kuyo,,,inkhundla,indzawo yekudlalela,indzawo,,indawo,ikundla,,,lefelo,,,,lefelo,,,,,,sebaka,,,,,mudavhi,luvhanḓe,,,ndhawu,
dsac_multi_soc_00287,violent conduct,,,,gewelddadige optrede,gewelddadige spel,ukuziphatha okunobudlova,,,isimo sobundlobongela,isimo sokungalawuleki,,,kutiphatsa ngebudlova,kudlala kabi,,,isenzo esinenturhu,,,,go nna dikgoka,maitsholo a bontwadumela,,,maitshwaro a kotsi,,,,,,dikgoka,,,,,vhuḓifari huvhi,,,,tlangelo ra nghozi,
dsac_multi_soc_00288,visiting team,,,,besoekende span,besoekerspan,iqembu elivakashile,,,iqela elindwendweleyo,iqela elihambeleyo,,,licembu lelivakashile,licembu lekuhamba,,,isiqhema esivakatjhileko,,,,setlhopha sa baeng,,,,sehlopha sa baeng,,,,,,sehlopha se etileng,,,,,thimu yo ḓaho,,,,xipanu xa vaendzi,
dsac_multi_soc_00289,volley,,,,vlugbal,,-shaya ivoli,,,ukukhaba ibhola ingekabetheki phantsi,ukudlala ivoli,,,ivoli,-vola,-khahlela emoyeni,,-rarha ibholo ingakathinti phasi,-tumpa,,,thago ka gangwe moweng,lerumomoweng,,,raga kgwele pele e kgoma fase,,,,,,raha bolo pele e thetsa fatshe,,,,,u gavhela bola,,,,gaja,
dsac_multi_soc_00290,wall {of players, defenders},,,,muur {van spelers, verdedigers},,udonga,,,udonga lwabadlali,,,,umtsangala,lubondza,ludvonga,,iboda labakhandeli,,,,lebota,,,,leboto,,,,,,lebota,lekgwakgwa,,,,luvondo,,,,khumbi,
dsac_multi_soc_00291,warm-up,,,,opwarm,,-zifudumeze,,,ukuzifudumeza,,,,-tifutfumete,-tivocavoce,,,-zifuthumeze,,,,ithuthafatsa,khobakhoba,itshidila,,boitšhidullo bja boitokišetšo,,,,,,iphuthumatsa,,,,,u ḓilugisela,,,,tiolola,
dsac_multi_soc_00292,win-draw-loss record,,,,wen-verloor-rekord,uitslagrekord,irekhodi lemiphumela yemidlalo,,,irekhodi yeziphumo zomdlalo weqela,,,,lirekhodi lemiphumela yemidlalo,ilogi,,,ilogo,irekhodi lokudlala lesiqhema,,,rekoto ya diphitlhelelo,,,,rekoto ya phenyo-maleka-tahlegelo,rekhoto ya phenyo-maleka-tahlegelo,,,,,rekoto ya tshebetso ya sehlopha,,,,,rekhodo ya matambele,,,,rhekhodo ya matlangelo ya xipanu,
dsac_multi_soc_00293,wing {area},,,,vleuelgebied {gebied},,uhlangothi,,,iphiko,iwingi,,,luhlangotsi,umhlubulo,,,ihlangothi,iphiko,,,lofuka,lotlhakore,,,lehlakore,,,,,,lepheo,,,,,thungo,,,,tlhelo,
dsac_multi_soc_00294,winger {position of player},,,,vleuel {posisie van speler},,umdlali wasohlangothini,iwinga,,umdlali wasephikweni,umdlali oyiwingi,,,umdlali waseluhlangotsini,umdlali wasemhlubulweni,umdlali waseluphondvweni,,umdlali wehlangothini,,,,motshamekatlhakore,motshamekathoko,,,mmapalalehlakoreng,moralokalehlakoreng,,,,,sebapadi se ka lepheong,,,,,mutambamatungo,,,,mutlangi wa le tlhelo,
dsac_multi_soc_00295,winner takes all,,,,wenner kry alles,,onqobile uthatha konke,,,umdlalo wokuwonga ophumeleleyo kuphela,umdlalo wokuwonga ogqwesileyo kuphela,,,lophumelele utsatsa konkhe,,,,iphaliswano likamathatha koke,iphaliswano likamarhurhula,,,mofenyaagogola,mogogodi,,,mofenyimotšeakamoka,,,,,,mohlodi o a fiela,mohlodi o a sheshena,,,,muthubazwoṱhe,,,,nghwazitekahinkwaswo,
dsac_multi_soc_00296,winning team,,,,wenspan,,iqembu eliphumelele,,,iqela eliphumeleleyo,iqela eliwinileyo,iqela eligqwesileyo,,licembu leliphumelele,bancobi,,,isiqhema esithumbileko,,,,setlhophatlhodi,bafenyi,,,mofenyi,mmetšatholo,,,,,sehlopha se hlotseng,,,,,vhafhenyi,vhathubi,vhakundi,,xipanu lexi hluleke,
dsac_multi_soc_00297,Yashin award,,,,Yashin-toekenning,,umklomelo ka-Yashin,,,imbasa kaYashin,,,,umklomelo wa-Yashin,,,,unongorwana ka-Yashin,,,,kabo ya Yashin,,,,sefoka sa Yashin,,,,,,kgau ya Yashin,,,,,pfufho ya Yashin,,,,sagwadi ra Yashin,
dsac_multi_soc_00298,yellow card,,,,geelkaart,,ikhadi eliphuzi,,,ikhadi elimthubi,ikhadi elityheli,,,likhadi leliphuti,,,,ikarada elisarulana,,,,karataserolwana,,,,karata ye serolwana,,,,,,karete e tshehla,,,,,garaṱaṱaḓa,,,,karata ra xitshopana,
dsac_multi_soc_00299,Youth International Match,,,,Internasionale Jeugwedstryd,,uMdlalo Wentsha Wamazwe Ngamazwe,,,uMdlalo woLutsha wamaZwe ngamaZwe,,,,Umdlalo Welusha Wemave,,,,umDlalo weluTjha wamaZwe ngamaZwe,umDlalo weluTjha weenTjhabatjhaba,,,Motshameko wa Boditšhaba wa Bašwa,,,,Papadi ya Boditšhabatšhaba ya Bafsa,,,,,,Papadi ya Matjhaba ya Batjha,,,,,mutambo wa vhaswa wa dzitshakatshaka,,,,Mphikizano wa Vantshwa wa Matiko,
