id,eng__001,eng__002,afr__001,afr__002,afr__003,xho__001,xho__002,xho__003,ssw__001,ssw__002,ssw__003,nde__001,nde__002,nde__003,nde__004,tsn__001,tsn__002,tsn__003,nso__001,Tshivenda__-,nso__002,sot__-,nso__003,ven__001,ven__002,ven__003,ven__004,tso__001,tso__002,tso__003
dsac_multi_engine_00001,absorption field {plumbing},,absorpsieveld,,,ummandla wofunxolindle,isitamkoko,,indzawokumunya,,,ubumunyelosilaphazo,indawo yokumunyela isilaphazo,,,matlhatlhaganyane a bomunelo,,,bomonego,,lefelomonego,,,vhunwelelo,,,,vutswongelo,,
dsac_multi_engine_00002,abutment {retaining wall},,steunmuur,,,intsika yebhulorho,,,sisekeli,sisimisi,,isisekelibhlorho,,,,lokganedi,,,sethekgi,,,,,luvhondothikhaburoho,,,,khumbinseketelo,,
dsac_multi_engine_00003,access chamber,,toegangskamer,,,umngxuma wokungena kwikholbhethi,,,umgodzilungeno,umgodziluhlolo,,umgodi wokuhlola amaphayiphi,,,,mokgothwana,,,moletephihlelelo,,mokotiphihlelelo,,,mulondotswikelelo,,,,muhochomfikelelo,,
dsac_multi_engine_00004,acrow prop {temporary support},,teleskopiese staalstut,,,intsika yexeshana,,,sisimisi sesikhashana,sisekeli sesikhashana,siphakamisi sesikhashana,isisekelimakhiwo sesikhatjhana,isika yesikhatjhana,,,matshego,,,sethekgisebakanyana,,,,,thikhopheleledzo,,,,phuphuxikhafula,,
dsac_multi_engine_00005,actuator,,drywer,aandrywer,,isiduduli,,,sisundvuti,,,isikhambisi,,,,setsamaisi,,,sesepediši,akutshuweitha,,,,,,,,xifambisi,xilawuri,
dsac_multi_engine_00006,aerospace engineering,,ruimte-ingenieurswese,ruimtevaartingenieurswese,,ubunjineli ngezophapho,,,bunjiniyela betindizamshini,bunjiniyela betihambamoyeni,,ubunjiniyere bezeemphaphamtjhini,ubunjiniyere bezaboflayi,,,boenjenere jwa difofane,,,boentšenerephofo,,,,,vhuinzhiniara ha zwa vhuendatshikhalani,,,,vunjhiniyara bya swa vuhahi,,
dsac_multi_engine_00007,aggregate {concrete},,aggregaat,toeslag,amatshe okwenza ukhonkolo,ikonkriti,,,tinhlobonhlobo telukhetse,tinhlobonhlobo teluhhayematje,tinhlobonhlobo tekucoliseka kwematje,amatjana wekhonkhridi,,,,konkereitetswakwa,,,lekgwara,,,,,thombwana,,,,xipfanganisiwandzinganelo,xihlanganisiwandzinganelo,
dsac_multi_engine_00008,agricultural engineering,,landbouingenieurswese,landbou-ingenieurswese,,ubunjineli ngezolimo,,,bunjiniyela betekulima,,,ubunjiniyere bezokulima,,,,boenjenere jwa temothuo,,,boentšeneretemothuo,,,,,vhuinzhiniara ha zwa vhulimivhufuwi,,,,vunjhiniyara bya swa vurimivufuwi,,
dsac_multi_engine_00009,airbrick,,lugsteen,,,isitena esineentunja,,,sitini sekungenisa umoya,,,isitina esingenisa ummoya,,,,setenarobana,,,setenamoya,,eporiki,,,tshidinatseramuya,tshidinapfukisamuya,,,xitinamoya,,
dsac_multi_engine_00010,air-conditioner condenser,,lugversorgerkondensator,,,isiguqulisimo somoya,isihuhuzimoya,,siguculisimo semoya,sintjintjisimo semoya,,isitjhubisimrhwamuko sesiphehlimmoya,,,,sekomotisamowa,,,sefetošamoya,,,,,tshilangutshilangamufhe,,,,khondensara ya xilawulamoya,,
dsac_multi_engine_00011,air conditioning,,lugversorging,,,ulawulomoya,uguqulomoya,ulungisomoya,kugucuka kwemoya,kuntjintja kwemoya,,ukulawulwa kwezingakutjhisa,,,,phetolamowa,,,taolomoya,,,,,vhulangamufhe,,,,vulawulamoya,,
dsac_multi_engine_00012,aircrete,,lugbeton,,,ikonkriti ekhaphukhaphu,,,luhlobo lwasemende lolula,,,umhlobo wekhonkhridi elula,,,,konkereitefefo,konkereitetlhofo,,samentefefo,,ekhiriti,,,ekhrithi,,,,xitinambevuko,,
dsac_multi_engine_00013,air duct,,luggang,lugkanaal,lugleiding,umjelo womoya,,,umgudvumoya,,,iphayiphi lommoya,umrhoswana wommoya,,,moselemowa,moelamowa,,sesepetšamoya,,,,,phaiphi ya muya,,,,nsokomoya,,
dsac_multi_engine_00014,air-entrained concrete,,luggevulde beton,,,ikonkriti yokwakha indlela,ikonkriti eneentunja,ikonkriti efakwe umoya,khonkholomabhamuta,khonkholotikhala,,ikhonkhridi enamabhamuza,,,,konkereitekgopamowa,,,khonkhoritsenywamoya,,,,,khonkhirithi ya phore,,,,khonkhireti ya swimbyarumbyaru,,
dsac_multi_engine_00015,alcove,,alkoof,,,igolongxa,,,umkhoco,,,umrhohlomela,i-alkhovu,,,logabo,,,leobo,,alekhoufu,,,alkhouvu,,,,nkovotlaxikhaviso,alikhovhu,
dsac_multi_engine_00016,anchor {for stability},,anker,,,iankile,,,sibophi,sibopheleli,,isibopheleli,i-ankere,,,lomapo,tshetledi,,sebofagantšhi,,enkhara,,,tshiṱanganyi,tshiṱumanyi,,,xitiyiso,xibohelo,
dsac_multi_engine_00017,ant cap,,mierskerm,mierskut,,isithintelimbovane,,,sivimbelincangozi,sivimbelimuhlwa,,isivimbelimuhlwa,isikhandelimuhlwa,,,sekganeladitshoswane,,,sethibelamohlwa,,,,,tshithivhelamutshenzhe,tshipilamutshenzhe,,,xisivelamuhlwa,xisivelamajenje,
dsac_multi_engine_00018,applied engineering,,toegepaste ingenieurswese,,,ubunjineli ngokwamakhondo,,,bunjiniyela belwentiwomsebenti,bunjiniyela bemakhono,,ubunjiniyere bokuphumelelisa amakghono,,,,boenjenere jwa tirisego,,,boentšeneretirišo,,boentšeneretšhomišo,,,vhuinzhiniara ha zwa mashumisele,vhuinzhiniara ha zwa kushumisele,,,vunjhiniyara bya swa matirhiselo,,
dsac_multi_engine_00019,arcade,,arkade,deurloop,,indledlana enophahla,iakheyidi,,umhume loneluphahla,i-akheyidi,,umrhoswana ofulelweko,i-akheyidi,,,mogorogoro,akheite,,tselanagaremeago,,akheiti,,,akheidi,,,,akhedi,,
dsac_multi_engine_00020,architect,,argitek,,,umyilizakhiwo,,,umcambisakhiwo,umcambiplani,,umtlami wamaplani wemakhiwo,,,,moraladikago,,,mohlamadipolane,,moakhitheke,,,muakhithekhithi,muaṭshithekhithi,,,mutshulatipulani wa miako,n'watipulani wa miako,
dsac_multi_engine_00021,architectural engineering,,argitektoniese ingenieurswese,,,ubunjineli boyilozakhiwo,,,bunjiniyela belucambosakhiwo,,,ubunjiniyere bokutlama imakhiwo,,,,boenjenere jwa boralodikago,,,boentšeneretlhamopolane,,,,,vhuinzhiniara ha muakhithekhithi,vhuinzhiniara ha zwa muatshithekhithi,,,vunjhiniyara bya swa miako,,
dsac_multi_engine_00022,architecture,,argitektuur,bouwkunde,,ubugcisa boyilozakhiwo,inzululwazi ngoyilozakhiwo,,buciko bekucamba sakhiwo,,,ubukghwari bokutlama imakhiwo,,,,boraladikago,,,boakhitheke,,bohlamadipolane,,,vhutsila ha muolimakone,vhutsila ha vhuolintende,vhuakhithekhithi,vhuatshithekhithi,ntivavutshulatipulani bya miako,,
dsac_multi_engine_00023,architrave,,argitraaf,kosynlys,,umhombiso womgubasi,,,lifremu lelihlotjisiwe,liguseni lelihlotjisiwe,,umhlobiso wegoseni,umkghabiso wegoseni,,,lebalelo la kosene,,,morumokgabišo,,akhithereifi,,,phendelafureme,,,,xikhavisarimba,,
dsac_multi_engine_00024,areaway,,luggang,,,indawo yokungena kwigumbi elingaphantsi komhlaba,,,indlela leya endlini yangaphasi,,,ubehlelo bomakhiwo ongaphasi,,,,tselanaphetisi,,,lešobamoya,,lešobaseetša,,,nḓilagodi,,,,mpfutla,,
dsac_multi_engine_00025,area well,,oppervlakteput,terreinput,,ungqameko,,,liguma,umtsangala,,isirhodlwana somkhanyo,,,,sekganelammu,,,sekgobapheko,,,,,tshithivhela,tshikhalamvulelo,,,xivandlanghubelo,,
dsac_multi_engine_00026,arris,arris edge,skerprand,snyrand,,uqoqo,umqolo,,umngcengcema,,,umqoqo,,,,mokhutlolo,,,morumontlhasehloa,,arisi,,,mutalophandi,arisi,,,mahlanganantontswo,,
dsac_multi_engine_00027,as-built drawing,,soos-gebou-tekening,soosgeboutekening,,uhlaziyoplani ngokwesakhiwo,,,lubuyeketo lwesakhiwomdvwebo,,,amatjhuguluko weplani enziwe emakhiweni,ukubuyekezwa kweplani ngokomakhiwo,,,thalo-ka-seago,,,polanephetošwa,,,,,nyolonyedzatshifhaṱo,,,,macincwa-hi-ku-akiwa,,
dsac_multi_engine_00028,ashpit,,asput,askuil,,isikhongozelithuthu,,,sikhangetelimlotsa,,,isibekelelimlotha,isikhongozelimlotha,,,bolorelo,,,bowelamolora,,,,,tshifaredzamiora,tshifaredzamilora,,,xihlengeletelankuma,,
dsac_multi_engine_00029,astragal,,astragaal,kraallys,,isivingci,isithinteli,,sihlanganisitivalo,sihlanganisiminyango,,isihlanganisiminyango,i-astragali,,,sekopanyapati,,,sekopanyamabati,,aseterakale,,,luvhembaṱhanganyi,astragala,,,xisivelankhuhlano,asitiragali,
dsac_multi_engine_00030,atrium,,atrium,binnehof,,iathriyam,isingenisikukhanya kwisakhiwo esikhulu,,ihholo lengumhubhe,,,umrhoba wamarhalasi,i-athriyamu,,,botsenasedi,atheriamo,,atheriamo,,atriamo,,sekgobagadiseyagodimo,athriamu,,,,athiriyamu,,
dsac_multi_engine_00031,attic,,solder,solderkamer,dakkamer,isololo,iathiki,igunjana eliseluphahleni,ligumbi leliseluphahleni,,,ikumba esemfulelweni,,,,athiki,,,sekgobatlasethulelo,,athiki,,sekgobatlasetlhaka,vhuralani,athiki,,,nturukwa,kamaraxinturukwa,
dsac_multi_engine_00032,autonomous vehicle {electrical engineering},,outonome voertuig,selfbestuurvoertuig,,imoto eziqhubayo,imoto ezilawulayo,,imoto letishayelako,imoto letilawulako,,isithuthi esizikhambelako,isikhwelo esizikhambelako,isikhambisi esizitjhayelako,,seijesanaga,,,sefatanagaikotlela,,,,,tshiendedziḓilangula,,,,xipandzamanangamatifambisa,,
dsac_multi_engine_00033,awning window,,sonskermvenster,weerskermvenster,,ifestile ekhabela phezulu,,,lifasitelo lelidekukako,lifasitelo leliphakamako,,ifesidere elivulekela ngehla,,,,letlhabapheforiba,,,lefaseterepenoga,,,,,fasiṱere ḽa thephuthephu,,,,fasiterepfulelahenhla,,
dsac_multi_engine_00034,axed arch,,gekapte boog,,,igophe,iatshi,,i-ashi,i-akhi,,i-atjhi enegobela,,,,seoboketlo,,,kobitena,,sekaboratena,,,tshiaramokute,,,,aka ya switina,,
dsac_multi_engine_00035,back siphonage,,terugheweling,terughewelwerking,,ubuyelomva logutyulo,,,kuncandzeka kwemanti lanekungcola,kubuyela emuva kwemanti lanekungcola,,igelezelomva lokusilapheleko,,,,kelelelomorago,,,kelelomorago,,,,,muelelakhumela,,,,nkhulukelandzhaku,,
dsac_multi_engine_00036,back vent {plumbing},,slukpyp,isikhiphamoya,,isithinteli buyelomva logutyulo,,,liphayiphikuphefumulisa,,,iphayiphusiphefumulisi,,,,khemisimorago,,,sethibelakelelomorago,,,,,tshibvisamunukho,,,,xisivelankhulukelandzhaku,,
dsac_multi_engine_00037,balcony,,balkon,,,ibhalkhoni,iveranda ephezulu,,livulande lelisetulu,ibhalikhoni,,amathuri aphezulu,amawoba aphezulu,,,mokatakogodimo,,,mathudigodimo,,palekhone,,,tshiingamo,baḽikhoni,,,vhurandantlhandluko,balikhoni,
dsac_multi_engine_00038,balloon framed wall,,houtraammuur,,,udonga oluyintsika,,,luhlakamhhodlelo,,,ikghokgho,umthelo,,,kgatlapudula,,,sethekgamoago,,,,,muhanga,,,,khumbixibaluni,,
dsac_multi_engine_00039,baluster,,baluster,styl,,intsika emfutshane,ibhalusta,,insika lemfishane,ibhalusta,,isika efitjhani,ibhalusta,,,matshegetso,balusta,,kokwanalepheko,,palusetere,,,baḽastara,,,,phuphunsirhelelo,balusitara,
dsac_multi_engine_00040,balustrade,,balustrade,,,ungqameko lokubambelela,ibhalustreyidi,,insika yekusima,ibhalustredi,,umthangala webhalusta,ibhalustreyidi,,,maitshegetso,,,boikokotlelo,,palusetereiti,,,balustradi,,,,xiphuphunsirhelelo,balusitiredi,
dsac_multi_engine_00041,banister {stairway},bannister,baluster,,,ungqameko lokubambelela kwizitepusi,ibhanista,,insika yekubambelela etitepisini,ibhanista,,ububambelelo bebhalusta,ibhanista,,,maitshegetso,,,seikokotlelo,,,,,banistara,,,,xikhomelelonaneko,,
dsac_multi_engine_00042,barge {support},,barg,,,ibhaji,isixhasiluphahla,,sisekelimngcengcema weluphahla,ibhaji,,isisekelimqoqomfulelo,,,,baje,,,sethekgatlhaka,,sethekgathulelo,,,tshitsireledzi,,,,baji,,
dsac_multi_engine_00043,barge board,,windveer,,,ibhodi yebhaji,ibhodi esisikhuselimaplanga,,ibhodi lesisekelimngcengcema weluphahla,ibhodi yebhaji,,ibhodi yesisekelimqoqomfulelo,,,,botobaje,,,pototšhireletšo,,patšepoto,,,bodotsireledzi,,,,bajibodo,,
dsac_multi_engine_00044,baseboard,,vloerlys,,,isiketingi,,,siphetsalubondza lesiphasi,siketingi,,umphethoboda ophasi,isiketinghi,,,bototlase,seketing,,sekheithing,,,,,sketiṅi,,,,xiketin'i,besibodo,
dsac_multi_engine_00045,base course,,voetlaag,kroonlaag,,isandlalelo sepavmente,,,siyilo lesimahhadlahhadla,,,umqinisosisekelo wepheyivimente,,,,boalotlase,,,boalokgwara,,,,,mbembamutheo,,,,khoso ya tshaku,,
dsac_multi_engine_00046,base shoe {flooring},,voetlat,,,umphetho wesiketingi,umqukumbelo wesiketingi,umququmbelo wesiketingi,siphelelisi sesiphetsalubondza,sihlanganisisiphetfo selubondza,,isihlanganisi somphethoboda,nomgangadelo,isihlanganisi somphethoboda nefluru,,kotadikotlase,,,seapešasekheithing,,,,,phendelasketiṅi,,,,xikhavisatshaku,xisasekisatshaku,
dsac_multi_engine_00047,bat {brick},,passteen,,,isitena esicandwe ngokobude,,,sitini lesiganyuliwe,sitini lesiphunguliwe,,isitina esiphunguliweko,ibhethi,,,setenathwane,bete,,setenamankgagane,,,,,tshidinakhudanyamulemalema,,,,xitinamangadyana,,
dsac_multi_engine_00048,batt {fibreglass},,matras,,,ifayibhaglasi yokhuselozakhiwo,,,sivikelisimokushisa,,,i-insuleyitha emlumani,,,,sebugakago,,,kobotšhireletšakago,,,,,tshilangulamufhiso,,,,nkumbamasirhelelamuako,,
dsac_multi_engine_00049,batten {wood},,lat,klamp,strook,iplanga elide elimxinwa,,,libalelo,lutfungo,,ibalelo elincani,,,,lebalelo,,,palelo,,,,,mbalelo,,,,rimbalelo,,
dsac_multi_engine_00050,batter {wall},,terughelling,walsskuinste,,udonga olulithambeka,,,sikhalakutjeka kwelubondza,,,ihlangothi leboda elitjhigamileko,,,,loseka,batha,,sekgobatshekamo,,,,,mutsheṱo,,,,muceto,,
dsac_multi_engine_00051,bay window,,erker,komvenster,,ifestile ephumele ngaphandle,,,lifasitelo leliphumele ngaphandle,,,ifesidere eliphumele ngaphandle,,,,lerotoga,,,lefaseterempopotlo,,lefaseteretšweledi,,,fasiṱerebambukwa,,,,fasiteremphohlo,,
dsac_multi_engine_00052,beam {support},,balk,,,umqadi,,,insika levundlile,,,ibhimu,,,,tlhomeso,lerapa,,sethekgithapamo,,pimo,,,bimu,,,,bimi,,
dsac_multi_engine_00053,bearing wall,,dramuur,draagmuur,,isisekelisakhiwo,,,sisekelisakhiwo,sisimisisakhiwo,,ibodasisekeli,,,,lerwala,,,lebotothekgi,,,,,luvhondokhwali,,,,khumbi ro rhwala,,
dsac_multi_engine_00054,berm,,berm,,,induli enguzenzele,uqolo olunguzenzele,,lugidzi lwekwentiwa,lusentse lwekwentiwa,,umndunduma,,,,potwana,totoma - itirelo,,ntotomamaitirelo,,,,,ndundumandangamaḓi,,,,xihungutankhukhulo,,
dsac_multi_engine_00055,bevel {instrument},,swaaihaak,swei,,ibhevele,,,ibheveli,,,isikwere esivulekako,ibheveli,,,sebetlakhutlo,bevele,,sekweretshekamo,,pefele,,,beveḽe,,,,bevhele,,
dsac_multi_engine_00056,bifold door,,voudeur,opvoudeur,,ucango olusongeka kabini,,,sivalo lesigocekako,sivalogobeka,,umnyango obhincekako,ibadi elibhincekako,,,lebati la mamenopedi,,,lebatimenegagobedi,,,,,vothiphethwakavhili,,,,rivantimpetsekambirhi,,
dsac_multi_engine_00057,billet,,knuppellys,,,ibhilethi,umqadi wesinyithi,,ibhilethi,,,ibhilethi,,,,bilete,,,pilete,,,,,biḽethe,,,,biliti,,
dsac_multi_engine_00058,bitumen,,bitumen,,,itela,itha,ibhitumeni,tiyela,sikontiyela,,isikontiri,,,,nkgotuwe,bitšhumene,,sekontiri,,,,,tshigonṱiri,bithumene,,,xikontiri,,
dsac_multi_engine_00059,bleeding {concrete},,bloei,,,ungcwengeko,,,kutomisakufoma kwakhonkholo,,,ukuphefumula kwekhonkhridi,,,,motswenatsweno,,,runya,,,,,tsitsimo,,,,mpfempfo,,
dsac_multi_engine_00060,blinding {layer of concrete},,slytlaag,,,isandlalelo sesilebhu,,,sendlalelosiyilo,,,isilebhesendlalelo,isilebhemleyo,,,boaletso,,,boalo,,,,,luvhembathangi,,,,khonkiretiandlalelo,,
dsac_multi_engine_00061,blind nailing,,blindbespykering,versteekte bespykering,,ukubethelela isikhonkwane sifihlakale,,,lubetselosipikili lolufihlakele,lubetselosipikili lolungabonakali,,ukubethela isipikiri sifihleke,ukubethela isipikiri singabonakali,,,kokoteloteng,,,bokokotelwafihlwa,,,,,muombelokhunye,,,,nswaswametaxipikiri,ndzondzometaxipikiri,
dsac_multi_engine_00062,block,,blok,,,ibhloko,,,ibhulokhi,,,ibhlogo,,,,boloko,,,poloko,,,,,buḽoko,,,,buloko,,
dsac_multi_engine_00063,block out <n.>,,uitblokking,,,ushiyosikhewu kulwakhiwo,,,indzawo lengakafaneli kukhonkhwa,,,isivembelikhonkhridi,,,,bothibelwa,,,sekgobahlokakhonkoriti,,,,,tshikhalatsiedzwa,,,,xivandlankakhonkhireti,,
dsac_multi_engine_00064,blotter,,monsterneming,,,ukumbela ukusampula umhlaba,ukumba,,kuhlatiya umhlaba,kusampula umhlaba,,ukuhlaziya ihlabathi,ukusampula ihlabathi,,,phato,,,go bora,,poro,,,vhubwandingo,vhubwelandingo,,,mbhoramisava,,
dsac_multi_engine_00065,blueprint <n.>,,bloudruk,,,umfanekiso ngqo,umcephe ucandiwe,,umfanekisontfo,sitfombentfo,,iphephamgwalo,,,,kgatisotheo,,,kgatišothalwa,,,,,pulanendovhololwa,,,,khopi ya pulani,,
dsac_multi_engine_00066,blue staking <n.>,,markering,,,ukuphawula okungaphantsi komhlaba,,,kubekisa,kubeka luphawu,,ukubekisa kokungaphasi komhlaba,,,,botshwayadikepelwa,,,tshwaotlhahlo,,,,,tsumbathemamveledziso,tswayothemamveledziso,,,xilemukisaxiyimbelwa,,
dsac_multi_engine_00067,bonnet roof,,kapdak,,,uphahla oluneveranda,,,luphahlajikelele lolusavulande,,,umfulelo osamathuri,,,,thulelo ya bonete,,,tlhakatšhollelahlakorenne,,thulelotšhollelahlakorenne,,,ṱhanga ya bashasha,ṱhanga ya bonethe,,,lwangutlhandlekelano,lwanguxibonete,
dsac_multi_engine_00068,boom {mounted on e.g. a truck, vehicle},,kraanarm,,,ilori esisifunquli,,,ilorisiphakamisi,silayishi,,ilorisigugi,,,,seroritsogwana,,,loritsogwana,,,,,tshiendedzimagagule,,,,xitlakuleri,,
dsac_multi_engine_00069,boom {access control},,sluitboom,sperboom,valboom,umvalo,,,umcabosilawulititfutsi,umvalosilawulititfutsi,,isiqabeliinkoloyi,isivimbeliinkoloyi,isikhandeliinkoloyi,,mopakwana,,,letsogwanapheko,,,,,bango,bumu,,,xihingandlela,,
dsac_multi_engine_00070,bottom plate,,onderplaat,bodemplaat,,umqadi osisisekelodonga olwahlulayo,,,likabha lelivundle phasi,,,ibhimu ebuvundla,,,,papetlatlase,,,tšhipifasethapamo,,,,,bumu ya maalo,,,,mhandziandlalelo,,
dsac_multi_engine_00071,bowstring truss,,boogsnaarkap,,,ikapu elibusaphetha,ikapu elibugophe,,luphahlasabutjoki,,,igobela lekapa,,,,tlhampi ya ditlhomeso,,,tlhakakobi,,tlhakasekabora,,,ṱhanganyedzavhura,,,,lwanguxivurha,lwanguxipendzana,
dsac_multi_engine_00072,breaker panel,,stroombrekerpaneel,,,ibhokisi yombane,,,sigubhu segezi,,,isigubhu segezi,ibhoksi legezi,,,bogolaganyetso,,,lepokisimohlagase,,,,,tshibogisinyisedzi,,,,phanelexihangalasi,,
dsac_multi_engine_00073,brick guard,,baksteenskerm,baksteenvangnet,,isigangizitena,,,sivimbelititini,,,isivimbeliintina,,,,sesireletsaditena,,,sešireletšatena,,,,,tshithivhelatshidina,,,,ritavalaswitina,,
dsac_multi_engine_00074,brick ledge,,steenlys,,,isandlalelizitena,,,sisekelilubondza lwangaphandle,,,isisekeliintina,,,,bokotamelotena,,,boalelotena,,,,,mutheo wa tshidina,maalo a tshidina,,,vuandlalelaxitina,,
dsac_multi_engine_00075,brick lintel,,baksteenlatei,,,ilentele,,,lilenteli lesitini,,,ilendlela lesitina,,,,llentlele,,,lentheletena,,lenthele,,,ḽintheḽe ya tshidina,,,,lendleleswitina,,
dsac_multi_engine_00076,brick mould,,steenvorm,,,isivalizikhewu phakathi kodonga nomgubasi,ibhokisi yezitena,iforom yezitena,sivalitikhala,sivalitisele,iforomu,isivaliinkhala,isivalimatjhuba,iforomo,,sekabatena,sebopelatena,foromo,morumokgabišo,,foromo,,sebopatena,tshidinamafanedza,foromo,,,ridakandzemo,foromo,
dsac_multi_engine_00077,brick tie,,steenbinder,,,isibambimadonga,,,sihlanganisitibondza,,,isihlanganisimaboda,isihlanganisimithangala,,,segokatena,,,setlematena,,,,,tshivhofhazwidina,,,,xibohaswitina,,
dsac_multi_engine_00078,bridge,,brug,,,ibhulorho,,,libhuloho,,,ibhlorho,,,,moratho,motshelakgabo,letsibogo,letšibogo,,leporogo,,moratho,muratho,biridzhi,buroho,,buloho,,
dsac_multi_engine_00079,bridge deck,,brugdek,,,umphezulu webhulorho,,,lingetulu lelibhuloho,,,ilingaphezulu lebhlorho,,,,magetla a moratho,magetla a letsibogo,,bogodimoporogo,,,,,luṱa lwa buroho,,,,tafula ra buloho,,
dsac_multi_engine_00080,bridging {stability and load distribution},,stutting,,,ukuxhasa,,,kungcingca,kukhonkha,,ukuqinisa,,,,tshetlelo,,,mokgwakgwahlišo,,mokgwatiišo,,,vhukhwaṱhisi,,,,nseketelo,,
dsac_multi_engine_00081,buck {subframe},,bok,,,isibambelimgubasi,,,lifremunchanti,sisekelifremu,,isisekelifremu,,,,letshegapati,,,sethekgakoseni,,,,,mutheo,,,,rimbatsongo,,
dsac_multi_engine_00082,building code,,boukode,,,imithetho yezokwakha,,,imitsetfo yetekwakha yamasipala,,,imithetjhwana yezokwakha yakwamasipala,,,,khouto ya dikago,,,melawanakago,,,,,mulayo wa kufhaṱele,,,,milawuxikatsa ya vuaki,,
dsac_multi_engine_00083,building paper,,boupapier,,,iphepha lokwakha,,,liphepha lekwakha,,,iphepha lokwakha,,,,pampiri ya dikago,,,pampirikagotšhireletši,,,,,bammbiritsireledzi,,,,phepha ro aka,,
dsac_multi_engine_00084,built-up roof,,gelaagde dak,opgeboude dak,,uphahla olwalekiweyo,,,luphahla lolungimibekelo,luphahla lolwendlalekile,,umfulelo olakanyeneko,umfulelo omalarhalarha,,,thulelelogodimo,,,tlhakagodimo,,thulelogodimo,,,ṱhanganyengedzedzwa,ṱhanganyingwa,,,lwanguxileyara,,
dsac_multi_engine_00085,butterfly roof,,vlinderdak,,,uphahla olububhabhathane,,,luphahlasaluvivane,,,umfulelo osaviyaviyani,,,,thulelorurubele,,,tlhakarurubele,,thulelorurubele,,,ṱhanganyedzatshisusu,,,,lwanguxiphaphatana,,
dsac_multi_engine_00086,butt joint,,stuikvoeg,stootvoeg,stuiklas,ukudibana ngqo,ukuhlangana ngqo,,lilunga-ngco,kuhlangana-ngco,,isihlanganisipatsi,ijoyinipatsi,,,molomaganyo,,,makopanothwii,,,,,tshiṱanganyi,tshiṱumanyi,,,nhlanganisamakun'wini,,
dsac_multi_engine_00087,buttress {reinforcement},,steunmuur,beer,,isomelezi,isizinzisi,,insikalubondza,sisekelalubondza,,isisekelimthangala,isisekeliboda,,,letshegopota,,,kokwana,,leboto,,,thikhaluvhondo,,,,xiseketelakhumbi,,
dsac_multi_engine_00088,bypass {road},,verbypad,omweg,,indlela ecwezelayo,indlela ephephayo,,umgwaco logegako,,,indlela egegedako,indlela ekhamba ngeqadi,,,tselakekologi,tselakefogi,,tselakefogo,,,,,badaphambuwi,,,,mpapalato,nceceleto,
dsac_multi_engine_00089,bypass doors,,skuifdeure,glydeure,,iingcango eziphambanayo,,,tivalo letiphambanako,,,iminyango ephambanako,,,,mabati-mafapaani,,,mabatifapanyi,,,,,mahothibuḓekana,,,,timbatimpapalatano,timbatinceceletano,
dsac_multi_engine_00090,caisson {a watertight retaining structure},,caisson,,,ikheyisini,,,ikhayisoni,,,ikhayisoni,,,,kheisene,,,kheisene,,,,,kheisoni,,,,xitlhengusamati,khayisoni,
dsac_multi_engine_00091,camber {arched surface},,kromming,ronding,,ukukekela kwendlela,,,lidvundvu,,,umndundumana oligobela,,,,kukumuru,,,mmotwanatsela,,khemba,,,nyolokhulungwa,khemba,,,xihukuva,,
dsac_multi_engine_00092,cantilever {beam},,kantelbalk,vrydraer,,umqadi oxhaswe calanye,intsika exhaswe calanye,,likabha lelilengako,,,ibhimu elengako,,,,leleke,,,moagokopo,,moagoriba,,,bimuthikhwathungo,,,,gomumuako,,
dsac_multi_engine_00093,casement {casement window},,swaairaam,,,ifestile evulekela ecaleni,ifestile ekhabela ecaleni,,lifasitelo lelivulekela eceleni,,,ifesidere elivulekela ngeqadi,,,,phefisi,,,lefaseterepulelothoko,,,,,fasiṱeremvulelalurumbu,,,,fasiterepfulelatlhelo,,
dsac_multi_engine_00094,cast-in-place <adj.> {cast-in-situ},,op die perseel gegiet,ter plaatse gegiet,,umakhelw' esizeni,umakhelw'esayithini,,makhelwendzaweni yesakhiwo,makhelendzaweni yekwakha,,umakhelwendaweni,,,,-letlhamelwasetsheng,-popelwasetsheng,,hlametšwegolefelong,,agetšwegolefelong,,,tshisikwapo,,,,endlelwavuakelweni,,
dsac_multi_engine_00095,caulking {sealing},,kalfaatwerk,afseëlwerk,kalfatering,ukutywina,,,kutfwebebisa,kuvala,,ukuvalabunamathisela,,,,dikabo,,,go thiba,,go tswalela,,,vhushati,tshishati,,,ndzemo,,
dsac_multi_engine_00096,cavity wall,,hol muur,spoumuur,,undongambini ocandwe sisikhewu,,,umkhatsitibondza,,,umthangala onomrhoso,,,,lobotaphago,,,sekgalagareboto,,,,,luvondobako,,,,khumbi ra vangwa,,
dsac_multi_engine_00097,ceiling,,plafon,,,isilingi,,,isilingi,,,isilinghi,,,,siling,,,siling,,tšhiratlhaka,,,siḽiṅi,,,,silin’i,,
dsac_multi_engine_00098,Celotex {fibrous board},,Celotex,,,iSelotheksi,,,Iselothksi,,,iSelotheksi,,,,Silothekese,,,Celotex,,,,,Celotex,,,,Celotex,,
dsac_multi_engine_00099,cement mortar,,sementdagha,sementmengsel,,udaka lwesamente,,,ludzaka lwasemende,,,idaka lesamende,,,,leragasamente,takasamente,,taka,,,,,daka,musuko wa semennde,,,ridaka ra semende,,
dsac_multi_engine_00100,ceramic tile,,keramiekteël,,,ithayili yeseramikhi,,,lithayili lelibumba,lithayili leseramikhi,,ithayili leseramikhi,,,,thaele ya seramiki,,,thaeleseramiki,,,,,thaiḽi ya seramiki,,,,thayili ya seramiki,,
dsac_multi_engine_00101,chase,,groef,muurgleuf,gleuf,umsele wemibhobho,,,umsele,umgodzi,umkhoco,umsele wamaphayiphu,,,,moseto,mogwao,,moseto,,,,,musele,,,,nkovotlantilamuakweni,,
dsac_multi_engine_00102,chemical engineering,,chemiese ingenieurswese,,,ubunjineli bemichiza,ubunjineli beekhemikhali,,bunjiniyela betemakhemikhali,bunjiniyela betebutsi,,ubunjiniyere bezamakhemikhali,,,,boenjenere jwa khemikhale,,,boentšenerekhemikhale,,,,,vhuinzhiniara ha zwa khemikhaḽa,,,,vunjhiniyara bya swa tikhemikali,,
dsac_multi_engine_00103,chipboard,,spaanderbord,,,ibhodi eyenziwe ngeenkcwela,itshiphubhodi,,ibhodi yesodasi,,,ibhodi yekafu,,,,botofofora,botofafara,,potofoforega,,tšhipipoto,,,tshipibodo,,,,chipibodo,,
dsac_multi_engine_00104,civil engineering,,siviele ingenieurswese,,,ubunjineli bezokwakha,,,bunjiniyela betekwakha,bunjiniyelatakhiwo,,ubunjiniyere bezokwakha,,,,boenjenere jwa dikago,,,boentšenerekakanyokago,,,,,vhuinzhiniara ha zwa siviḽi,,,,vunjhiniyara bya swa vumaki,,
dsac_multi_engine_00105,cladding,,bekleding,,,umalekosihombisi,,,umhlobisosakhiwo,,,umhlobisomnamathiselo,umkghabisomakhelelo,,,thitelontle,,,seapešamoago,,,,,vhunamokhavhiso,,,,xisirhelelankhavisakhumbi,,
dsac_multi_engine_00106,clerestory,,bobeuk,daklantern,,ifestile yophahla olukrobe kolunye,,,lifasitelo lelingephasi kweluphahla,,,ifesidere elingenzasi komfulelo,,,,letlhabaphefogodimo,tleleresetori,,lefaseterelekeleke,,tleresetori,,,klerestori,,,,tlileresitori,,
dsac_multi_engine_00107,clerestory roof,,bobeukdak,,,uphahla olukrobe kolunye,,,luphahla lolunemafasitelo,,,umfulelo onamafesidere,,,,letlhabaphefothulelong,tleleresetorithulelong,,tlhakatsepamolekeleke,,thulelotsepamoleke,,,ṱhanga ya klerestori,,,,lwangu ra tlileresitori,,
dsac_multi_engine_00108,coastal engineering,,kusingenieurswese,,,ubunjineli bezonxweme,,,bunjiniyela betelugu,,,ubunjiniyere beligu,,,,boenjenere jwa lobopo,,,boentšenerebopo,,,,,vhuinzhiniara ha zwa khunzikhunzini,,,,vunjhiniyara bya swa le ribuweni,,
dsac_multi_engine_00109,collapsible door,,voudeur,opvoudeur,,ucango olusongekayo,,,sivalomficito,sivalokostina,,umnyango obhincekako,ibadi elibhincekako,,,lebatilegonyedi,,,lebatiphuthwa,,,,,vothikhwethekani,,,,rivantixikositina,,
dsac_multi_engine_00110,collar {roof},,kraag,bek,,isinqandikuvuza,isithintelikuvuza,,sivimbelakuvuta,sivimbelamanti,ikhola,isikhandelimanzi,,,,motsulloko,,,kholara,,,,,khoḽara,,,,kholoro,,
dsac_multi_engine_00111,compaction {construction material},,verdigting,kompaktering,,ukugangatha,,,kungcingca,,,ukugangadela,ukudzidlhela,,,kato,,,go bata,,go kikitela,,,mugagadedzo,,,,nghandlo,,
dsac_multi_engine_00112,computer-aided design,Acronym CAD,rekenaargesteunde ontwerp,,,uyilo ngekhompyutha,,,luhlelomdvwebo lwangcondvomshini,kucamba ngangcondvomshini,,umtlamo owenziwe ngomtjhiningqondo,umtlamo owenziwe ngekhomphyutha,,,moralo-ka-khomphiutha,thalo-ka-khomphiuta,,moakanyetšo ka khomphyutha,,,,,nyolo thusedzwa nga khomphyutha,,,,dizayini hi khomphyutara,,
dsac_multi_engine_00113,computer engineering,,rekenaaringenieurswese,,,ubunjineli bezekhompyutha,,,bunjiniyela betekhompiyutha,bunjiniyela betengcondvomshini,,ubunjiniyere bezemitjhiningqondo,ubunjiniyere bezamakhomphyutha,,,boenjenere jwa dikhomphiutha,,,boentšenerekhomphyutha,,,,,vhuinzhiniara ha zwa khomphyutha,,,,vunjhiniyara bya swa khomphyutara,,
dsac_multi_engine_00114,concrete,,beton,,,ikonkriti,,,khonkholo,,,ikhonkhridi,,,,konkereite,,,khonkhoriti,,,,,khonkhirithi,,,,khonkhele,khonkhireti,
dsac_multi_engine_00115,concrete pump,,betonpomp,,,isimpompikonkriti,,,sifutsikhonkholo,simpompikhonkholo,,isipompikhonkhridi,,,,pompo ya konkereite,,,pompokhonkhoriti,,,,,bommbo ya khonkhirithi,,,,pompo ya khonkhireti,,
dsac_multi_engine_00116,conduit,,leipyp,,,umbhobho weengcingo zombane,,,liphayiphi lekushubha,ikhonduyithi,,iphayiphu lokutjhubhela,ikhonjuwithi,,,peipiphemedi,,,phaephetšhupela,,khontšuwiti,,,tshitsireledzathambo,khonduwenthi,,,phayiphitintambu,,
dsac_multi_engine_00117,construction,,konstruksie,bouwerk,,ukwakha,ulwakhiwo,,kwakha,,,ukwakha,,,,kago,boago,,boagi,,kago,kaho,,vhufhaṱi,,,,vuaki,,
dsac_multi_engine_00118,construction engineering,,konstruksie-ingenieurswese,,,ubunjineli bokwakha,,,bunjiniyela betekwakha,,,ubunjiniyere bezokwakha,,,,boenjenere jwa dikago,boenjenereboago,,boentšenerekago,,,,,vhuinzhiniara ha zwa vhufhaṱi,,,,vunjhiniyara bya swa vuaki,,
dsac_multi_engine_00119,control engineering,,beheeringenieurswese,,,ubunjineli bezolawulomitshini,,,bunjiniyela betekulawula,bunjiniyela betekuhlelembisa,,ubunjiniyere bezokulawula,,,,boenjenere jwa ditlhamaganyane,,,boentšeneremananeotshepedišo,,,,,vhuinzhiniara ha zwa vhulauli,,,,vunjhiniyara bya swa vulawuri,,
dsac_multi_engine_00120,control joint,,beheerlas,,,isithintelizintanda,,,silawulikuchekeka,sincandzakuchekeka,,isilawulikuthathamba,isivimbelikugazuka,isivimbelikusasamba,,kgokaganotaolo,tomaganotaolo,,seswarantšhamalokollo,,,,,ndaulaṱhanganyo,ṱhanganyondangamitwe,,,mahlanganavulawuri,,
dsac_multi_engine_00121,coping {protective cap},,dekstrook,deklaag,,umqukumbelo wodonga,umphetho wodonga,,sivikelilubondza,sivikelimanti,,isivikelisakhiwo,isivimbelisakhiwo,,,kuane,,,sešireletši,,,,,tshitibo,,,,xibvimbo,,
dsac_multi_engine_00122,corbel,,karbeel,korbeel,,ikhobheli,,,ikhobheli,,,ikhobheli,,,,khobele,,,khopele,,,,,khobeḽe,,,,khobele,,
dsac_multi_engine_00123,corner bead,,hoekkraallys,hoekkraal,,isihombisizikona,isomelezizikona,,sihlobisimakhona,,,isihlobisimakhona,isihlobisimahugu,,,setiisakhutlo,,,sekgwahlišakhutlo,,setiišakhutlo,,,tshipendeli,,,,xikhavisayinhla,,
dsac_multi_engine_00124,cornice,,kroonlys,,,ikhonisi,,,umphetfo wesilngi,ikhonisi,,umhlobisomphetho wesilinghi,ikhonisi,,,khonisi,,,khonisi,,,,,khonisi,,,,khonisi,,
dsac_multi_engine_00125,counterfort,buttress,beer,stutbeer,steunmuur,isixhasidonga,,,sisimisi,,,isiqinisi sesisekeliboda,,,,letshegopota,,,sethekgamoago,,kokwaneleboto,,,tshitikaluvhondo,,,,xitiyisakhumbi,,
dsac_multi_engine_00126,course {roof},,laag,,,ikhosi,,,lufulelomashingili,,,umfulelo wamatjhingili,,,,maalo,,,morulelohlatlagano,,,,,khoso,mutshilinzhi wa zwiḽeiti,,,khoso,,
dsac_multi_engine_00127,cramp,clamp,klamp,kramp,,isidibanisi,isibambi,iklempu,sichumanisi,iklempu,sihlanganisi,isihlanganisi,itlempe,,,tlamanyi,segokaganyi,,kherempe,,tlelempe,,,klempe,,,,tlilempe,,
dsac_multi_engine_00128,crane,,kraan,hyskraan,,isilenge,isifunquli kulwakhiwo,,ikhreyini,,,umaguga,ikhreyini,,,setlhatlosi,,,khereini,,,,,tshigaguli,,,,khireni,,
dsac_multi_engine_00129,crank,,krukstaaf,kruk,,umphambo wokujija,ikhrenki,,umkhrenko,,,isijikisi,umkrenko,,,mokerenke,,,mokerenke,,kherenke,kerenke,mokerenko,khrenke,,,,mukiringi,,
dsac_multi_engine_00130,cricket {roof},,rigdakkie,afleidak,,isiphambukisimanzi,,,silawulimanti seluphahla,ikhrikhethi,,isilawulimanzi somfulelo,,,,sefaposametsi,,,sefapošameetse,,sephayameetse,,,tshipambusamaḓi,tshikhelusamaḓi,,,khirikhete,,
dsac_multi_engine_00131,cripple {building frame},cripple jack rafter,kruppelstut,,,ikhripuli kulwakhiwo,,,lifremu lelifishane,ikhriphuli,,isisekelisahlukanisi,,,,setshegetsi,jeke,,khiriphole,,sethekgi,,,luvhondu tshiṱahe,,,,phuphumanghimana,,
dsac_multi_engine_00132,cross bridging,,kruisstutting,,,ukuxhasa ngokunqamlezisa,,,tiparagosiphambano,,,isiparagosiphambano,,,,tshetleditshekagano,,,thekgoputlano,,,,,tshibarago,,,,xiseketelahingakanyo,,
dsac_multi_engine_00133,cross gable,,dwarsgewel,,,uphahla olunqamlezileyo,uphahla olubumnqamlezo,,luphahlasiphambano,,,igebulisiphambano,,,,marulelo a momagano,,,thuleloputlano,,tlhakaputlano,,,ṱhangambuḓekanyi,,,,gebuluhingakanyo,,
dsac_multi_engine_00134,cross hipped roof,,kruisskilddak,,,uphahla olumacalamabini,uphahla olungu-L,,luphahla lolusakhonasikwele,,,umfulelomndunduma osiphambano,,,,thulelo ya sekotšhe,,,thuleloputlanontotoma,,tlhakaputlanontotoma,,,ṱhangamuṱumbambuḓekanyi,,,,lwangu tlhandlukahingakanyo,,
dsac_multi_engine_00135,culvert,,duiker,,,ikholvethi,ikholbhethi,,libhuloho lelinemgudvumanti,ikhalivethi,,umsele webhlorho,ikholbede,,,kholobete,,,kholebete,,,,,mulondotserisamaḓi,khaḽivethe,,,xibulohwana,,
dsac_multi_engine_00136,cupola {roof},,koepel,dom,,ikhaphola,,,ingcongwane,sicokondlu,,isidlhogoro somfulelo,ikhaphola,,,motlhotlho,motsotso,,ntlhohlo,,khupola,,,tshiedzamuṱovhori,kupoḽa,tshiedzamuṱumeri,,xihlungwana,khuphola,
dsac_multi_engine_00137,curb roof,,gebroke saaldak,,,uphahla olunesilawulimoya,,,luphahla lolumewukonyenti,luphahla lolumewukowuko,,umfulelwana weenlawulimmoya,umfulelwana womkhanyo,,,thulelo ya mathulamothulamo,,,thulelotatelano,,tlhakatatelano,,,ṱhanga ya khebe,,,,lwangumboyamonyingi,,
dsac_multi_engine_00138,curing {concrete},,nabehandeling,,,ukugcina ukufuma kwikonkriti,,,kugcina umswakamo wakhonkholo,,,ukuqinisa ikhonkhridi,,,,mogwamiso,,,tiišo,,kgwahlišo,,,vhuomi,,,,nhlayisandzhongo,,
dsac_multi_engine_00139,custodial lock {window hardware},,opsigterslot,voogslot,,isitshixifestile,,,sikhiyalifasitelo,,,isilodlhelo sefesidere,,,,mongena,selotlele sa letlhabaphefo,,sekgonyalefasetere,,senotlelalefasetere,,,ḽokotsireledzi,,,,lokongwengwe,,
dsac_multi_engine_00140,dado {wall},,dado,ondermuur,,ubhinqiso lokuhombisa udonga,ibhanti elingumhombiso wodonga,,umhlobisolubondza wangentasi,idado,,umhlobisoboda,idado,,,lobotatlase,dado,,dado,,,,,mutengu,,,,dado,,
dsac_multi_engine_00141,damper,,demper,,,isilawulimoya setshimini,,,ngcwengcwe lovimbela umlilo,sikhawulimlilo,idempa,idembhere,,,,khemisi,dempere,,sehemišatšhimene,,tempha,,,tshilangulamutsi,,,,xilawulamfurho,,
dsac_multi_engine_00142,damp-proof course,Abbreviation: DPC,voglaag,vogweerlaag,,idemkosi,isinqandikufuma,,idemkosi,,,idemkosi,,,,boalo jwa taolabongola,demokhose,,sethibelamonola,,temokose,,,demukoso,,,,demekhoso,,
dsac_multi_engine_00143,dead bolt,,slotgrendel,,,ibholithi,ikram,iletshi,umshudo,,,iverevere,,,,seloto,,,perebere,,,,,ḽoko ya nnḓa,,,,lokoxikunupu,,
dsac_multi_engine_00144,design engineering,,ontwerpingenieurswese,,,ubunjineli bezokuyila,,,bunjiniyela betekucamba,bunjiniyela betekusungula,,ubunjiniyere bezokutlama,,,,boenjenere jwa boradi,,,boentšenerekakanyo,,,,,vhuinzhiniara ha zwa nyolo,,,,vunjhiniyara bya swa dizayini,,
dsac_multi_engine_00145,die {specialised tool},,snymoer,snyblok,,isixhobo sokuyila,,,sivetamumo,idayi,sibumbimumo,iforomombaba,,,,seseti,tsheti,,seseti,,,,,tshisikamadaisi,,,,xigandlisansimbi,,
dsac_multi_engine_00146,domed roof,,koepeldak,,,uphahla olungqukuva,idowum,,luphahla lolusandilinga,luphahla lolusasidvuli,,umfulelo osandulungu,,,,thulelo ya serotobolo,,,tlhakantotobolo,,thulelontotobolo,,,ṱhangakhulungwa,,,,lwanguxinhlambeto,,
dsac_multi_engine_00147,dormer {window},,dakkamervenster,solderkamervenster,,ifestile eseluphahleni,,,lifasitelo eluphahleni,idoma,,ifesidere elisemfulelweni,,,,letlhabaphefothulelong (le le rotogileng),,,lefaseteretlhakatšweledi,,lefaseteretlhakampopotlo,,tomara,tshiingamo tsha ṱhangani,,,,fasiterenturukwa,,
dsac_multi_engine_00148,downspout,downpipe,geutpyp,afvoergeut,reënwaterpyp,umbhobho wegathari,,,liphayiphi lelisehlisamanti,,,iphayiphu legadasi elehlako,,,,mokorelatlase,,,setšhollameetse,,,,,phaiphi ya gathasi,,,,phayiphiehlisamatilwangwini,,
dsac_multi_engine_00149,drain tile,,suggeut,suggeutpyp,,umbhobho wokufunxa amanzi,,,liphayiphi lelisimunyamanti,liphayiphi lelilawula umncitsi,,iphayiphu elimunya amanzi,iphayiphu elilawula umdzwela,,,thaelemosele,,,sefetišameetse,,sesepetšameetse,,,thaiḽitsefi,,,,phayiphimphomiso,,
dsac_multi_engine_00150,dry-packed concrete,,drooggepakte beton,droëbeton,,ikonkriti yokuvingca izikhewu,,,khonkholo losivalatikhala,,,isitjhongodaka sokukhibelela,isitjhongodaka sokutjhumega,,,konkereitekomota,,,khonkhoritidiretšweruri,,,,,khonkhirithindugelo,,,,khonkhireti ya swimatana,,
dsac_multi_engine_00151,drywall,,stapelmuur,,,udonga lweebhodi,,,lubondzamabhodi,,,ibhodi esisakhiboda,,,,lokomeletsa,,,sekaleboto,,,,,luvhondomafanedza,,,,khumbibodo,,
dsac_multi_engine_00152,Dutch gable roof,,Hollandse geweldak,,,uphahla lwesiDatshi oluyigeyibhuli,,,igebuli yemaDashi,,,umfulelogebula wesiDatjhi,,,,thulelo seDatšhe,thulelo ya seholannere,,tlhaka ya Dutch,,tlhakasetoiši,,thulelosetoiši,ṱhanga ya Tshidatshi ya gebuḽu,,,,gebuluxidachi,,
dsac_multi_engine_00153,dwarf wall,,dwergmuur,,,udonga olufutshane,,,lubondza lolufishane,lutsango,,umkikitwana,umthangadlana,,,lobotakhutswe,,,lebotwana,,,,,guvha,,,,guva,,
dsac_multi_engine_00154,earthquake engineering,seismic engineering,aardbewingsingenieurswese,seismiese ingenieurswese,,ubunjineli bezenyikima,,,bunjiniyela bekumelana nekutamatama kwemhlaba,,,ubunjiniyere bezokudengezela kwephasi,ubunjiniyere bezokuzamazama komhlaba,,,boenjenere jwa dithoromo,,,boentšeneretšhišinyegofase,,,,,vhuinzhiniara ha zwa mudzinginyo,,,,vunjhiniyara bya swa ntsekantseko wa misava,vunjhiniyara bya swa n’wari,
dsac_multi_engine_00155,egress window {e.g. in case of an emergency},,uitgangvenster,,,ifestile yexesha likaxakeka,,,intfunjalifasitelo,intfunja yengoti,,ifesidere lobujamo oburhabako,,,,letlhabaphefo la tshoganyetso,,,lefaseteretšhoganetšo,,,,,fasiṱerendindakhombo,,,,fasiterexilamulelamhangu,,
dsac_multi_engine_00156,elbow {plumbing},,elmboog,,,umbhobho olidolo,,,liphayiphingcoza,liphayiphigoba,,iphayiphusandololwana,i-elbho,,,sekgono,,,phaephesetšu,,phaepheseku,,,phaiphinyedzalukuḓavhavha,,,,phayiphixikokola,,
dsac_multi_engine_00157,electronics engineering,electronic engineering,elektroniese ingenieurswese,,,ubunjineli beze-elektronikhi,,,bunjiniyela bete-elekthronikhi,,,ubunjiniyere bezobulekthronikhi,,,,boenjenere jwa ileketeroniki,,,boentšenereelekhetheroniki,,,,,vhuinzhiniara ha zwa eḽekitroniki,,,,vunjhiniyara bya swa xilekitironiki,,
dsac_multi_engine_00158,elevator,lift,hyser,hysbak,,ikhetshi,ilifti,,ikheshi,ilifthi,i-eleveyitha,isithuthusi,ikhetjhi,i-eleveyitha,ilifti,phesodi,,,elebeithara,,lifithi,lifti,sephagamiši,ḽifith,ḽifithi ya tshiḓu,,,lifiti,,
dsac_multi_engine_00159,embankment,,wal,ophoging,,udonga lokuthintela okungakhukuliseka,isithinteli sokungakhukuliseka,,ludvongasivimbelimanti,lugidzisivimbelimanti,,umthangalasikhandeli,umthangalasivimbeli,ivali,,leriba,bala,boloto,leriba,,,,,philiphili,,,,ribiribiri,,
dsac_multi_engine_00160,engineer,,ingenieur,,,injineli,,,sonjiniyela,,,usonjiniyere,,,,moenjenere,,,moentšenere,,,moenjenere,,muinzhiniara,,,,munjhiniyara,,
dsac_multi_engine_00161,engineering,,ingenieurswese,,,ubunjineli,,,bunjiniyela,,,ubunjiniyere,,,,boenjenere,,,boentšenere,,,,,vhuinzhiniara,,,,vunjhiniyara,,
dsac_multi_engine_00162,engineering brick,,masjiensteen,dogsteen,,isitena esikhethekileyo,,,sitini sekumelana nebumatima bemvelo,,,isitina sobunjiniyere,,,,setena sa boenjenere,,,setenaboentšenere,,,,,tshidinate,,,,xitinavunjhiniyara,,
dsac_multi_engine_00163,Engineering Council of South Africa,Acronym: ECSA,Suid-Afrikaanse Raad vir Ingenieurswese,,,iBhunga lezobuNjineli laseMzantsi Afrika,iEngineering Council of South Africa,,Umkhandlu Wabonjiniyela baseNingizimu Afrika,,,umKhandlu wezobuNjiniyere weSewula Afrika,,,,Khansele ya Boenjenere ya Aforikaborwa,,,Khantshele ya Boentšenere ya Afrika Borwa,,,,,Khoro ya zwa Vhuinzhiniara ya Afrika Tshipembe,,,,Khansele ya Vunjhiniyara ya AfrikaDzonga,,
dsac_multi_engine_00164,environmental engineering,,omgewingsingenieurswese,,,ubunjineli bezokusingqongileyo,,,bunjiniyela betesimondzawo,,,ubunjiniyere bezebhoduluko,,,,boenjenere jwa tikologo,,,boentšeneretikologo,,,,,vhuinzhiniara ha zwa mupo,,,,vunjhiniyara bya swa mbangu,,
dsac_multi_engine_00165,escalator,,roltrap,,,amanqwanqwa ahambayo,isinyusi,izitepusi ezihambayo,ikheshititepisi,,,amastepisi azikhambelako,i-eskeleyitha,,,serepodikelela,,,morathodiko,,esekhaleithara,,,ḽififhi ya zwiṱepisi,,,,lifitiswitepisi,,
dsac_multi_engine_00166,escutcheon {ornamental or protective plate, e.g. around keyhole},,beslag,sleutelgatskild,skildversiering,isiciko somngxuma wesitshixo,,,simbonyimbobo tesikhiya,sivalimbobo yesikhiya,i-eskashiyoni,isivalintunja sesikhiya,isivalimgodi samaphayiphi,i-eskatjhiyoni,,sesiraphago,sesiraphatlha,,esekhašene,,esekhatšhene,,sešireletšabonotlelo,tshithivhokhavhisi,,,,xisirhelelaloko,,
dsac_multi_engine_00167,extrados,,ekstrados,buitewelwing,,umphandle weatshi,,,umgogodla wangaphandle we-ashi,i-ekstradosi,lingetulu lelubondza lolusabutjoki,umgogodlha wegobela wangaphandle,umgogodlha we-atjhi wangaphandle,i-ekstradosi,,kgogoropontle,seobontle,,bontlesekabora,,,,,nnḓa ha tshiaramo,,,,vuhandle bya aka,,
dsac_multi_engine_00168,face brick,,siersteen,,,isitena sokuhombisa,,,sitini lesingenakahucwa,,,isitina esingasindwako,,,,setenafatla,,,setenakgogašedi,,feisiporiki,,,ḽififhi ya zwiṱepisi,,,,xitinambonako,feyisibiriki,
dsac_multi_engine_00169,faced wall,,voorwerkmuur,,,udonga oluhombisayo,,,lubondza lolwakhiwe ngalokucubile,,,umthangala osambedlezwana,,,,lobotafatla,,,lebotokgogašedi,,,,,luvhondokhungi,fasibiriki,,,khumbimbonako,,
dsac_multi_engine_00170,fascia,,fassie,,,ifeshiyabhodi,ifishabhodi,,ifishabhodi,,,ifitjhabhodi,,,,botofatla,,,fišapoto,,,,,fishabodo,,,,fixabodo,,
dsac_multi_engine_00171,faulting,,foutspeuring,verskuiwing,,ushenxo,,,kutsikameteka kwesiyilo,,,ukukgheruka hlangana kweenlebhe,ifolthinghi,,,pharologantshoboalo,,,nkhese,,,,,vhuphevhabada,,,,nsakogondzweni,nsakopatwini,
dsac_multi_engine_00172,fenestration,,bevenstering,,,ushiyozithuba kwisakhiwo,,,sakhiwotikhala,ifenestreshini,,irherhomtlamo lesakhiwo,ifenestretjhini,,,phatlhafatso,,,peakanyoforeimi,,fenesetereišene,,,vhupulanamvulelamufhe,vhupulanamvulelo,,,mipfulekomiakwini,,
dsac_multi_engine_00173,ferrule,,beslagring,beslagpyp,afstandpyp,iferuli,isithinteli kuvaleka kwegathari,,sivimbelikumfimfa,sivimbelikuvuta,iferuli,iferuli,,,,separalatsi,ferule,,ferule,,,,,tshitikagathasi,,,,feruli,,
dsac_multi_engine_00174,filler-joist floor,,vullingbalkvloer,,,umgangatho oqiniswe ngeentsimbi,,,siyilo lesikhonkhwe ngetinsimbi,siyilo lesiciniswe ngetinsimbi,,ifluru eqiniswe ngeensimbi,ikhonkhridi eqiniswe ngeensimbi,,,setiisabodilo,,,lebatotiišetšwa,,,,,luṱatshikhalani,,,,fuloronaneko,,
dsac_multi_engine_00175,Fink truss,,vinkkap,,,ikapu likaFinki,ithrasi kaFinki,,luhlaka lwa-Fink,,,ikapa laka-Fink,umkapelo ka-Fink,,,ditlhomesoFinki,,,kapa ya Fink,,,,,muhanga wa Fink,,,,rimbalwangu ra Fink,,
dsac_multi_engine_00176,firebrick,,vuurvaste steen,,,isitena esimelana nomlilo,isitena esithintela umlilo,,sitini lesimelana nemlilo,sitini lesimelana nemlilo,,isitina esingasabi umlilo,,,,setenaiso,,,setenakgotlelelaphišo,,,,,tshidinathilamulilo,,,,xitinanhlulandzilo,,
dsac_multi_engine_00177,firewall,,brandmuur,vuurvaste muur,,udonga olumelana nomlilo,udonga oluthintela umlilo,,lubondza lolumelana nemlilo,lubondza loluvimbela umlilo,lubondza lolungashi,iboda elivimbela umlilo,,,,lokganelamolelo,,,lebotothibamollo,,,,,luvhondothilamulilo,,,,khumbinhlulandzilo,,
dsac_multi_engine_00178,fixture branch {plumbing},,hegstukkoppeling,,,uphayi ekufakelwa kuwo,uphayi onemifakelwa,,liphayiphinchakela,,,iphayiphu elimagatja,,,,peipikalana,,,phaephehlomesetšwa,,phaephekalana,,,phaiphimakumbele,,,,phayiphinhlanganisanyingi,,
dsac_multi_engine_00179,fixture unit {unit of measure in plumbing},,hidroulieselasmaateenheid,hidroulieselaseenheid,,unkinkishomanzi,,,silinganisimtsamo,sikalimtsamo,,isilinganisimtlamo samaphayiphu,,,,yunitipeipi,,,kelotekanyetšo,,,,,yunititsumbambalo,,,,xipimankhulukophayiphini,,
dsac_multi_engine_00180,flagstone,,plaveiklip,plaveisteen,,ilitye elisixwexwe,ilitye elisicaba,,litjesicabati,litje lelisileti,umkhumankhenkhe,ilitjesipara,,,,letlapapapetla,,,kaloswika,,,,,lubaba,,,,ribyepatlalala,,
dsac_multi_engine_00181,flange,,flens,,,iflenji,intsimbi esisangqa edibanisayo,,iflenji,,,iflenji,,,,folentšhe,,,folentšhe,,,,,fuḽanzhe,,,,fulenji,,
dsac_multi_engine_00182,flap gate {e.g. to prevent inflow of water},,skarnierklep,klapklep,,isango lokulawula amanzi,,,simbonyo lesilawula emanti,lisango lekulawula emanti,,isango lamanzi,,,,lelengwana,taolakelelo,,selaolakelelo,,,,,gethe ḽa phontshi,,,,gedelawulamati,,
dsac_multi_engine_00183,flashing {e.g. to prevent seepage from wind and water},,voegskort,oorslaglas,,ukuthintela ukufufa,,,sivimbelikufohla,sivimbelikumfimfa,,ifletjhinghi,,,,thibelatutlo,kgomô,,sethibagodutla,,folešing,,,vhuthivhelamvuḓo,,,,xihikamatimoyalwangwini,,
dsac_multi_engine_00184,flat roof,,plat dak,,,uphahla olusicaba,iflethi,iplati,luphahla lolusicabati,luphahla lolubhabhalele,,umfulelo othabaleleko,uplada,,,thulelophaphathi,polata,,thulelopolata,,tlhakapolata,,polata,ṱhangatswavhelele,,,,lwangupatlalala,lwangu ra pulati,
dsac_multi_engine_00185,flatwork,,gelykvloerwerk,,,umgangatho orhidwe ngesamente,umgangatho osanyentiweyo,,siyilo lesisindziwe,,,ibala elisindiweko,itatawu elisindiweko,,,bophaphathi,bodilophaphathi,bopolata,lebatopapetla,,lebatophaphathi,,,tshuṅwatswavhelele,,,,ntirhovumakipatlalala,,
dsac_multi_engine_00186,flitched beam,,boterhambalk,,,umqadi owomeleziweyo,,,likabhabhanciwe,,,ibhimu esambedlezwana,ikapa elisambedlezwana,,,lerapalalotswako,bimitswako,,pimitlengwa,,,,,bimuphaṱhekanywa,,,,bimixipulangi yo tiyisisiwa,,
dsac_multi_engine_00187,floating wall,,vlotmuur,,,udonga olulengalengayo,,,lubondza lolungenasisekelo,,,iboda elilengako,umthangala olengako,,,losarwaleng,,,lebotophaphamalo,,,,,luvhondogalela,,,,khumbi ro lumeketiwa,,
dsac_multi_engine_00188,flue pipe,,dampafvoerpyp,,,itshimini,itshimbili,,ishimela,,,itjhimela,,,,tšhimele,peipimosi,,phaephetšhemene,,,,,tshumela,,,,chimela,,
dsac_multi_engine_00189,fly rafter {roofing},,windveer,,,irafta ekrobileyo,iplanga lophahla elikrobileyo,,umshayo,,,ikapa elehlela bulenga,,,,tlhomeso,,,kapaphetelela,,,,,kapaphendela,,,,rimbalelorikupakupa,,
dsac_multi_engine_00190,flywheel {mechanical device},,vliegwiel,,,ivili elincedisa ukusebenza komatshini,isincedisikusebenza komatshini,isincedisikuhamba komatshini,sondvonkhulu,,,ivilo eliphehlako,iflayiwili,,,lefetlhaenjene,flaewili,,folaewili,,,,,fuḽaiwiḽi,vhilimonisa,,,vhilwamenonyingi,,
dsac_multi_engine_00191,folding door,,voudeur,,,ucango olusongekayo,,,sivalo lesifincekako,,,umnyango obhincekako,,,,lebatimenego,,,lebatiphuthwa,,lebatimenego,,,vothihwetekana,,,,rivantimpetsekanyingi,,
dsac_multi_engine_00192,footing {concrete support},,voet,voetstuk,,isizinzisi,,,umsuka wesakhiwo,,,isinzinzisimleyo,isisekelimleyo,,,motheopilara,,,boalotheo,,,,,mutheokhunyeleli,,,,xisimekelo,,
dsac_multi_engine_00193,foundation,,fondament,fondasie,,isiseko sesakhiwo,,,sisekelo sesakhiwo,ifawundeshini,,umleyo,ifawundetjhini,,,motheo,,,motheo,,,,,mutheo,,,,masungulo,,
dsac_multi_engine_00194,frog {brick},,verbandholte,,,isigingqi kwisitena,isifongqo kwisitena,,sikhala sesitini,,,isikhisi sesitina,,,,setenakoti,setenagabo,setenapôbȇ,setenankotšana,,,,,tshidina tsha tshigodi,tshidina tsha tshibuli,,,xitinanghandlankovotlo,,
dsac_multi_engine_00195,gable {roof},,gewel,,,itywebile,igeyibhuli,igebhuli,igebuli,,,itjhibela,igebula,,,keibole,,,kepole,,,,,gebuḽu,,,,gebulu,,
dsac_multi_engine_00196,galvanised iron {iron coated with zinc},,gegalvaniseerde yster,versinkte yster,,intsimbi ekhuselwe kumhlwa,,,lithayela,ngcwengcwe,,isimbi eyezeswe ngesivikeliinsimbi,isimbi enesivikeliinsimbi,,,tshipitshireletswa,,,tšhipithatafatšwa,,,,,zennge,lege,,,ayonitintwa,,
dsac_multi_engine_00197,gambrel roof,,gebroke saaldak,,,uphahla oluyigambreli,uphahla oluneegebhuli,,luphahla loluyigambreli,,,umfulelo osikupuru,,,,thulelontlhana,,,tlhakakamporele,,thulelokamporele,,,ṱhangamuṱumba,,,,lwanguxigebulumbirhi,,
dsac_multi_engine_00198,geotechnical engineering,,geotegniese ingenieurswese,,,ubunjineli bezemomhlaba,,,bunjiniyela betebunjalomhlaba,,,ubunjiniyere bezesayensi yephasi,,,,boenjenere jwa mmu,,,boentšenerephetlekomobu,,boentšeneretsinkelomobu,,,vhuinzhiniara ha zwa thekhiniki ya mavu,,,,vunjhiniyara bya swa misavaxithekiniki,,
dsac_multi_engine_00199,girder,,lêer,,,umqobo wokwakhela,isiqonga sokwakhela,,insika yelibhuloho,,,isisekelibhimu,igeda,,,lerapaleele,bimileele,,kitara,,sethekgamoago,,,gidara,,,,gidara,,
dsac_multi_engine_00200,green roof {roof covered with e.g. vegetation},,groen dak,ekovriendelike dak,,uphahla olunohlaza,,,luphahla loluneluhlata,luphahla lolunetitjalo,,umfulelo oneentjalo,umfulelo otjaliweko,,,thulelomela,thulelotala,,thulelotala,,thulelo ya go ba le dibjalwa,,,ṱhanga ya muse,,,,lwanguswibyariwa,,
dsac_multi_engine_00201,grille,,sierrooster,traliewerk,,isefu,igrili,,tinsimbitivimbeli,tinsimbitivikeli,,igrili,,,,kerili,,,kirili,,,,,giriḽi,,,,girili,,
dsac_multi_engine_00202,grout,,voegbry,,,igrawuthi,,,igrawuthi,,,isivalimtletle samathayili,igrawuthi,,,keraote,,,keraoto,,,,,grauthu,,,,girawuti,,
dsac_multi_engine_00203,gusset plate,,knoopplaat,hoekknoopplaat,,isihlanganisimiqadi,isihlanganisimiqobo,,sihlanganisimakabha,,,ipladasithungeleli,,,,papetlakgokanyi,papetlakopanyi,,poleitihlomesetši,,,,,tshiṱanganyahunzhi,phuleithiṱhanganyisi,,,puletixihlanganisi,,
dsac_multi_engine_00204,gutter,,geut,afvoersloot,,igatha,igathara,,ligadazi,,,igadasi,,,,mokoro,,,khathara,,,kgitiri,,gathara,gathasi,,,gathara,,
dsac_multi_engine_00205,half-hip roof,,halfskilddak,,,igebhuli elalisiweyo,,,luphahla lolusandvundvumana,luphahla lolusasicongwana,,irhayisi esiquntu,,,,thuleloritšwagare,,,thulelontotomaripša,,tlhakantotomaripša,,,ṱhangamuṱumbatshiṱahe,,,,lwanguntontswahafu,lwangutlhandlukahafu,
dsac_multi_engine_00206,hardware {tools and equipment},,ysterware,hardeware,,izixhobo zokusebenza,,,tinsitakwakha,,,iinsetjenziswa zokwakha,amathulusi wokwakha,,,didiriswakago,,,didirišwa,,,,,zwishumiswa,,,,switirhisiwa swo aka,,
dsac_multi_engine_00207,hearth,,herd,vuurherd,,iziko,,,litiko,,,iziko,,,,leiso,bogotsetso,,sebešo,,,,,tshivhaso,,,,xitiko,,
dsac_multi_engine_00208,hip and valley roof,,verlengde skilddak,skild-en-kieldak,,uphahla loxande oluxandileyo,,,luphahla loluneticongo netihosha,,,irhayisi enemisele,,,,thulelontlhanakgatsha,,,thulelomoedintotoma,,tlhakamoedintotoma,,,ṱhangamuṱumbaṱuluwa,,,,lwanguxinkovantontswo,lwanguxinkovantlhandluko,
dsac_multi_engine_00209,hip roof,,skilddak,,,uphahla loxande,,,luphahlasicongo,luphahlandvundvuma,,irhayisi,,,,thulelontlhana,,,thulelontotoma,,tlhakantotoma,,,ṱhangamuṱumba,,,,lwanguntontswo,lwanguntlhandluko,
dsac_multi_engine_00210,hod {three-sided container for carrying bricks etc.},,skouertrog,kleibak,stenebak,isinyusizitena,,,sitfwalititini,sitfwaliludzaka,,isithwaliintina,isigugiintina,,,serwalatena,,,serwala,,hoto,,,hodo,,,,hodo,,
dsac_multi_engine_00211,honeycomb brickwork,,heuningkoeksteenwerk,heuningkoekbaksteenwerk,,udonga olunemingxuma ebumakhaphela,,,lubondzamakhekheba,lubondzatikhalakhala,,iboda elintunjantunja,iboda elimatjhubatjhuba,iboda elimbobombobo,,lobota la marobaroba,,,ditenabokalemapo,,,,,tshidinanyedzaṱaha,,,,khumbi ra xitinaxihlenge,,
dsac_multi_engine_00212,Howe truss,,Howekap,,,isixhasi sikaHowe,ikapu likaHowe,,luhlaka lwa-Howe,,,ikapa laka-Howe,,,,tlhomeso ya ga Howe,,,kapa ya Howe,,,,,thikho ya Howe,,,,rimba ra Howe,thirasi ya Howe,
dsac_multi_engine_00213,hydraulic cement,,hidrouliese sement,,,isamente yokutywina,,,semende wekuvala timfa,,,isamende esikhandelimanzi,,,,samentekabi,,,samentethibadiela,,,,,semennde ya mushatote,,,,semendempfalampfuto,,
dsac_multi_engine_00214,hydraulic engineering,,hidroulika-ingenieurswese,,,ubunjineli bezoxinzelelo lolwelo,,,bunjiniyela beluhambomanti,bunjiniyela bekuhanjiswa kwemanti,,ubunjiniyere bokulawulwa nokusetjenziswa kwamanzi,,,,boenjenere jwa haederoliki,,,boentšenerehaeteroliki,,,,,vhuinzhiniara ha zwa haiḓroḽoki,,,,vunjhiniyara bya swa mati,,
dsac_multi_engine_00215,industrial engineering,,industriële ingenieurswese,nywerheidsingenieurswese,,ubinjineli bezorhwebo,ubunjineli bezoshishino,,bunjiniyela betetimboni,,,ubunjiniyere bezamabubulo,,,,boenjenere jwa madirelo,,,boentšenereintaseteri,,,,,vhuinzhiara ha zwa nḓowetshumo,,,,vunjhiniyara bya swa indasitiri,,
dsac_multi_engine_00216,insulation,,isolasie,isolering,,ukufaka isikhuseli,ukufaka isithinteli,,kuvimbela,kumbonya,kuvikela,ukuphuthela,uku-insuleyitha,,,thibelo,pitielo,kgomô,insuleišene,,thibelo,,go thibela,vhutsireledzi,insuḽesheni,,,mphutselo,,
dsac_multi_engine_00217,intrados,,intrados,binnewelwing,,umphakathi weatshi,,,umgogodla we-ashi,lingekhatsi lwelubondza lolusabutjoki,,umgogodlha wegobela wangaphakathi,i-inthradosi,,,kgogoropoteng,seoboteng,,bokagare,,sekabora,,,ngomu ha tshiaramu,,,,vundzeni bya aka,,
dsac_multi_engine_00218,jamb {lining of e.g. a doorway},,wang,binnendeurkosyn,,icala elithe ngqo lomgubasi,,,lingekhatsi lelifremu,,,isisekeligoseni,isivikeligoseni,,,jempe,,,tšempe,,,,,ludzedzekwa,,,,xiseketelarimba,,
dsac_multi_engine_00219,joggle,,joggel,joggelvoeg,,ijoyini,,,sihlanganisi,lijoyini,sichumanisi,isihlanganisi,ijoyini,,,bolomagano,netlano,,bokopano,,,,,ṱhanganyoni,,,,xihlanganisi,,
dsac_multi_engine_00220,joinery,,skrynwerk,,,uchwelo,,,lokubatiwe,,,umbazo,,,,tomagano,,,tomagantšho,,tlhomagantšho,,,mabulannga,,,,mapulanginhlanganiswa,,
dsac_multi_engine_00221,joint sealant,,lasseëlaar,lasdigtingsmiddel,,isitywinizithuba,isityhidi,,sivalitikhala,sivalitimfa,sivalitimbotjana,isivalisikhala,,,,sekabitomagano,kgomôtomagano,,sethibakgala,,,,,tshishatiṱhanganyi,,,,xilemamahlangano,,
dsac_multi_engine_00222,joist,,balk,,,umqobo wokuxhasa uphahla,umqobo wokuxhasa umgangatho,,likabha lelivundlile,,,ibhimu elilinganisene nomthangala,ibhimu elilinganisene neboda,,,lebalelo,balaka,,sebapithekgi,,,,,muhanga,,,,naneko,,
dsac_multi_engine_00223,keystone,,sluitsteen,,,ilitye lembombo,,,litjemkhatsi,inkhaba ye-ashi,ingcongwane ye-ashi,ilitjesikhiya le-atjhi,,,,letshwaraganyi,,,leswikatheo,,,,,tombothikho,,,,ribyekulu,,
dsac_multi_engine_00224,kicker {stability},,stabiliseerblok,,,isizinzisi,isimisi ngxi,isimisi ndawonye,siparago,,,isinzinzisi,,,,sesetledi,,,separako,,,,,tshitikitshilinganyi,,,,xiparako,,
dsac_multi_engine_00225,king closer {brick},,heersluiter,hoofsluitsteen,,isitena esiphungulwe ikona,isitena esisikwe ikona,,sitini lesiphungulwe butjeku,,,isitina esiphungulwe butjhigama,,,,setenakabikgolo,,,setenakhutlokgetlolwa,,,,,tshidinapeḓukwa,,,,xitinampandzwayinhla,,
dsac_multi_engine_00226,king post {roof},,hoofstyl,,,ipali esisiyilelo sekapu,,,insikakabha lenkhulu,,,isika ekulu,,,,pinagare,mokhutlolo,,sethekgadikapagarethulelo,,tshima,,,musima,,,,phuphuhosi,,
dsac_multi_engine_00227,laminated strand lumber,,gelamelleerde timmerhout,lameltimmerhout,,amaplanga adityanisiweyo,amaplanga ancanyathiselwe ngokunyhanyhathwa,,emapulango lahlanganisiwe,emapulangombumba,emapulango lananyatsiselwe,amaplanka ananyathiselweneko,amaplanka ahlanganisiweko,,,papetlakgomaretswa,,,mapolankakgomaretšwa,,,,,bulanngatsikwa,,,,pulangi-khomaniswa-hi-nkahelo,,
dsac_multi_engine_00228,latch,,knip,,,iletshi,,,livelevele,umshudo,,itjhudere,,,,berebere,,,perebere,,letšhe,,,vherevhere,ḽetshe,,,vheravhera,,
dsac_multi_engine_00229,lath,,lat,,,ilantyi,,,libalelo,lilathi,,ibalelo,iladi,,,setsholamomaro,,,palelo,,,,,mbalelo,,,,xihakahlwa xa khumbi,,
dsac_multi_engine_00230,lattice,,traliewerk,latwerk,,ilathisi,,,titsandzelisititfombo,luhlakamhlobiso,umhlobiso wemabalelo,ifremu yamabalelo,,,,lathese,,,moakanyetšoputlano,,lathisi,,,ḽathisi,,,,rimbandzhunganonsasekiso,rimbandzhunganonkhaviso,
dsac_multi_engine_00231,lean-to roof,,afdak,,,iveranda,,,luphahlaseyami,luphahlamancika,livulanda,umfulelo osamileko,,,,mathutsana,,,tlhakaitshamela,,,,,ṱhangangogoḓedzwa,,,,lwangutshekelakhumbi,,
dsac_multi_engine_00232,ledger,,steierbalk,,,umlenze wesikafula,umlenze wesikefele,,tinsimbi tesikefula letivundlile,,,isimbiyesikhafula,,,,sekefole,,,sekafola,,letšara,,,ḽedzha,,,,nanekoxikhafula,,
dsac_multi_engine_00233,lewis {steel device},,wolf,,,isifunquli,isixhobo sokufunqula,,sihhukeli,,,isikghopholo sokuguga,,,,katerole,,,thekele,,lowisi,,,ḽiwisi,,,,xihakontlakulo,,
dsac_multi_engine_00234,lift pit,,hyserput,,,umngxuma wekhetshi,umngxuma welifti,,umgodzi wekheshi,,,umgodi wekhetjhi,,,,mosimaphesodi,,,moletephagamiši,,moletelifithi,,,mulondo wa ḽifithi,,,,muhocholifiti,nsokolifiti,
dsac_multi_engine_00235,lime mortar,,kalkdagha,,,udaka lwekalika,,,isemende yemcakaco,ikaluki,,idaka lekaligi,,,,leragakalaka,takakalaka,,takamotaga,,takakalaka,,,musuko wa ḽaimi,,,,ridakakalaka,,
dsac_multi_engine_00236,lintel,,latei,,,ilenteli,,,lilenteli,,,ilendlela,,,,llentlele,,,lenthele,,,,,ḽintheḽe,,,,lendlele,,
dsac_multi_engine_00237,load-bearing wall,,dramuur,draagmuur,,udonga olomelezelwe umthwalo,udonga olunokumelana nomthwalo,,insika yelubondza,,,umthangalasisekeli oyisika,ibodasisekeli eliyisika,,,lorwadi,,,lebotorwalaboima,,,,,luvhondokhwali,,,,khumbi ro rhwala,,
dsac_multi_engine_00238,louvre {vent},,louvre,hortjies,,iluva,,,liluva,,,iluva,,,,sesiri,,,luba,,,,,ḽuva,,,,luvhara,,
dsac_multi_engine_00239,manhole,,mangat,,,umngxuma wemibhobho yasendleleni,,,umhume wekungena,,,umgodi wokungena,,,,mosimasele,,,moletephihlelelo,,,,,mulondo,,,,muhocho,,
dsac_multi_engine_00240,mansard roof,,mansarddak,,,uphahla oluneegebhuli,,,luphahla lwemansadi,,,umfulelo wemansadi,,,,thulelo ya sefora,,,thulelomansate,,tlhakamansete,,,ṱhanga ya mansadi,,,,lwanguximansadi,,
dsac_multi_engine_00241,mantlepiece,mantelpiece,skoorsteenmantel,kaggelrak,,ithala eliphezu kweziko,,,umhlobiso welitiko,lingetulu lelitiko,,umhlobiso weziko,,,,sefatlaiso,,,tikasebešo,,,,,lupendelatshivhaso,,,,rimba ra xitiko,,
dsac_multi_engine_00242,manufacturing engineering,,vervaardigingsingenieurswese,,,ubunjineli bezokuvelisa,,,bunjiniyela betekukhicita,,,ubunjiniyere bezokukhiqiza,,,,boenjenere jwa tlhagiso,,,boentšeneretšweletšo,,,,,vhuinzhiniara ha zwa vhubveledzi,,,,vunjhiniyara bya swa vutumbuluxi,,
dsac_multi_engine_00243,masonry,,klipmesselwerk,messelwerk,,umsebenzi wamatye,isakhiwo samatye,ulwakhiwo lwamatye,titini tekwakha,ematje ekwakha,,iintina zokwakha,amatje wokwakha,,,setena sa mansori,,,meseniri,,,,,masoli,,,,vuaki hi maribye,meyisaniri,
dsac_multi_engine_00244,mastic {waterproof filler},,mastiek,mastik,,isitywini,itywina,isivingci,sivimbelimanti,imastiki,,isivimbelimanzi,imastiki,,,sekabi,,,masitiki,,,,,tshitilamaḓi,,,,xilemamuako,,
dsac_multi_engine_00245,matt finish,matte finish,mat afwerking,,,umbala ongakhazimliyo,umbala ongamenyezeliyo,,umbala longamanyateli,,,umbala ongakhazimuliko,,,,mmala o o sa phatsimeng,,,mmalatiba,,,,,luvhathehwasa,,,,ndlhayiseto wo rhomba,,
dsac_multi_engine_00246,maul {tool},,mokerhamer,moker,,ihamile,,,sandvo lesikhulu sesigodvo,,,inondo yesigodo,ihamura yesigodo,inondo kaplamara,ihamura kaplamara,nôtô,,,hamolagadi,,notogadi,,,mouḽu,,,,nyundzu,,
dsac_multi_engine_00247,mechanical engineering,,meganiese ingenieurswese,,,ubunjineli bezoomatshini,ubunjineli bezemitshini,,bunjiniyela betemishini,,,ubunjiniyere bezemitjhini,,,,boenjenere jwa metšhini,,,boentšeneretšhene,,,,,vhuinzhiniara ha zwa mitshini,,,,vunjhiniyara bya swa michini,,
dsac_multi_engine_00248,millwork,,saagmeulwerk,walswerk,,imvelisomaplanga,,,umkhicito wemsaho,,,umkhiqizo wegodo,ipahla yegodo,,,tirôgong,,,dibetlwa,,,,,zwivhaḓwa,,,,swivatlwa,,
dsac_multi_engine_00249,mining engineering,,myningenieurswese,mynbou-ingenieurswese,,ubunjineli bezemigodi,,,bunjiniyela betetimayini,,,ubunjiniyere bezeemayini,,,,boenjenere jwa meepo,,,boentšeneremoepo,,,,,vhuinzhiniara ha zwa migodi,vhuinzhiniara ha zwa maini,,,vunjhiniyara bya swa migodi,,
dsac_multi_engine_00250,mitre saw,miter saw,versteksaag,,,isarhamtshini yee-engile,isarha yeekona,,lisahamshini,,,isarhamtjhini yamahugu,isarhamtjhini yama-engele,,,sagaotwana,,,sagamithara,,sagaseripakhutlo,,,saha ya mitha,,,,sahamitha,,
dsac_multi_engine_00251,monolithic concrete,,monolitiese beton,,,ikonkrithi eyinto enye,,,sakhiwo sakhonkholo lesingenamalunga,sakhiwo sakhonkholo lesihlangene,,ikhonkhridisisekelo endlalekileko,,,,konkoreite ya diboloko,,,khonkhorititia,,,,,khonkhrithi ya monoḽithiki,,,,khonkhelenchelwaxikan’we,khonkhiretinchelwaxikan’we,
dsac_multi_engine_00252,mono-pitch roof,single-pitch roof,vlerkdak,,,uphahla oluzimeleyo,uphahla olungadityaniswa kolunye,,luphahla loluncongile,,,umfulelo othulamileko,,,,thuleloikemelo,,,tlhakakotumela,,thulelokotumela,,,ṱhangatsendami,,,,lwangumboyamon’we,,
dsac_multi_engine_00253,mortar,,dagha,mortel,,udaka lokwakha,imotha,,ludzaka,,,idaka,,,,leraga,taka,,takakalaka,,,,,daka,musuko,,,ridakaka,,
dsac_multi_engine_00254,mortice,mortise,tapgat,,,umngxuma wokuhlomela,imothisi,,sikhalalukhaceko,imothisi,,umrhohlomiselo,umkhacekiselo,,,phatlha,,,sehlomelwa,,,,,nzanyo,mothisi,,,nkotloto,,
dsac_multi_engine_00255,mullion {window},,tussenstyl,,,isahlulimacala efestile,,,sehlukanisimaglazi,imuliyoni,,isihlukanisimarhalasi,imaliyoni,,,sekgaoganyagalase,,,searoganyagalase,,maliene,,,lufhandafasiṱere,,,,xiavanisatinghilazi,,
dsac_multi_engine_00256,muntin {window},,tussenstyl,,,isahluliziglasi zefestile,isixhasiziglasi zefestile,,sisekelimaglazi,imanthini,,isisekelimarhalasi,imanthini,,,setshegetsagalase,,,sethekgagalase,,manthene,,,vhufhandafasiṱere,,,,ximananghilazi,,
dsac_multi_engine_00257,nano-engineering,,nano-ingenieurswese,,,ubunjineli ngokweenano,,,bunjiniyela be-nano,,,ubunjiniyere nge-nano,,,,boenjenere jwa nano,,,boentšenerenano,,,,,vhuinzhiniara ha zwa dzimbalo,,,,vunjhiniyara bya swa nano,,
dsac_multi_engine_00258,nanometre,,nanometer,,,inanomitha,,,inanomitha,,,inanomitha,,,,nanomitha,,,nanomethara,,nanometara,,,nanomitha,,,,nanomitara,,
dsac_multi_engine_00259,nanotechnology,,nanotegnologie,,,ubugcisa boveliso ngokweenano,,,bucwepheshe benano,ithekhinoloji yenano,,itheknoloji nge-nano,,,,thekenoloji ya nano,,,nanothekenolotši,,,,,thekhinolodzhi ya nano,,,,nanothekinoloji,,
dsac_multi_engine_00260,needle {steel beam},,steekbalk,,,umqadi wentsimbi wethutyana,,,sisekeli sesikhashana,siparago,,isisekelimakhiwo,,,,lerapatshipi,,,pimithekganakwana,,,,,bimuthungelwa,,,,bimi ya nsimbi,,
dsac_multi_engine_00261,non-load bearing wall,,nie-belasbare muur,nielasdraende muur,,udonga olungenakumelana nomthwalo,udonga olungomelezelwanga umthwalo,,lubondza lolungakasimisi indlu,lubondza lwangekhatsi,,ibodasisekeli elingasiyisika,umthangalasisekeli ongasiyisika,,,losarwaleng,,,lebotoikema,,,,,luvhondozwalo,,,,khumbinkandzhwalo,,
dsac_multi_engine_00262,oriel window,,balkonerker,,,ifestile ephumele ngaphandle,,,lifasitelo leliphumele ngaphandle,,,ifesidere eliphumele ngaphandle,,,,lerotogagodimo,,,lefaseterelekeleketšweledi,,,,,fasiṱeremurutshe,,,,fasiterenhlohlomukaxitezini,,
dsac_multi_engine_00263,outrigger,,kraanbalk,,,umqadi ophokeleyo wokuzinzisa,umqadi okrobileyo wokuzinzisa,,sisimisiluphahla lesiphumele ngaphandle,,,isisekeli esiphumele ngaphandle,,,,leribelantle,,,sethekgatlhaka,,sethekgathulelo,,,tshigagula nga nnḓa,,,,nanekorikupakupa,,
dsac_multi_engine_00264,padstone,,draagsteen,,,isitena sokuzinzisa ubunzima,isitena sokulungelelanisa ubunzima,,litje lekwesekela,,,ilitjemsamelo elisithwalibudisi,,,,letshetledi,,,leswikapeeletši,,letlapapeeletši,,,tombothikho,,,,xitinananekelo,,
dsac_multi_engine_00265,parapet {wall},,borswering,borsweringmuur,,ungqameko oluphezu kophahla,,,umngcengcemasakhiwo,ipharaphethi,,ipharaphethi,,,,potathulelong,ranta,,lebotopheko,,pharaphete,,,luvondo lwa pharaphethe,,,,pharaphete,,
dsac_multi_engine_00266,partition {wall},,afskorting,,,isahluli,ipatishini,,lubondzasehlukanisi,lubondza lwangekhatsi,,iphathitjhini,,,,lokgaoganyi,,,lebotokgaogantšhi,,phathišene,,,luvondophandekanyi,,,,khumbixavi,,
dsac_multi_engine_00267,party wall,,gemeenskaplike muur,,,udonga olusisahlukanisizindlu,,,sehlukanisitakhiwo,umtsangala wekwehlukanisa,,umthangalasihlukanisi,ibodasihlukanisi,,,lobotagora,,,lebotokgaoganyameago,,,,,luvondo kanukanya,,,,khumbindzilikano,,
dsac_multi_engine_00268,petroleum engineering,,petroleum-ingenieurswese,,,ubunjineli bezepetroliyam,,,bunjiniyela betemafutsa,,,ubunjiniyere bezeembaseli,,,,boejenere jwa ditukisi,,,boentšenerphetheroliamo,,,,,vhuinzhiniara ha zwa zwivhaswa,,,,vunjhiniyara bya swa mafurhaswicelwa,,
dsac_multi_engine_00269,pier {e.g. support for a bridge},,pyler,,,intsika yebhulorho,isisekelibhulorho,,insika yelibhuloho,,,isika yebhlorho,isisekelibhlorho,,,pilararogo,serwalarogo,,philaraporogo,,philara,,,ṱhokha,thikho ya buroho,,,phuphu,,
dsac_multi_engine_00270,pilaster {column},,muurpilaar,pilaster,,intsika yokuhombisa,,,insika yephilasta,iphilasta,,isika mhlobiso,iphilasta,,,sepilara,pilasta,,philarakgomarediboto,,philasetara,,,phuphu,,,,xikepisanakhumbi,,
dsac_multi_engine_00271,pile {foundation},,heipyler,heipaal,,isibonda esingumsekelo,iphayili,,umsukasisekeli,insikasesekeli,,iphayili,,,,mosetlelo,pilaratheo,,phaele,,,,,ṱhokha,,,,mhinguphuphu,milenge ya muako,
dsac_multi_engine_00272,pile driver,,hei,,,umatshini wokumilisela izibonda,umatshini wokumilisela iphayili,,umshini wekumisa tinsika,sigcumekitinsika,,isisunduzelimaphayili,,,,seroratshetledi,,,motšhenephaele,,,,,tshindondomedzaṱhokha,tshindondomedzaphuphu,,,xibelelamhinguphuphu,,
dsac_multi_engine_00273,pillar,,pilaar,suil,,intsika,,,insikamatje,,,isika,ipilara,,,matshetlego,pilara,,philara,,,,,phuphu,,,,phuphu,philara,
dsac_multi_engine_00274,pilot hole,,groefgat,voorlopergat,,umngxuma ohlahlelayo,,,umgojana wesipikili,sikhadlana sesipikili,,intunja yesipikiri,,,,mosimakaedi,mosimatlhala,,lešobakurufu,,lešobapikiri,,,bulithangeli,,,,mbhovondzetelo,,
dsac_multi_engine_00275,plaster {walls and ceilings},,pleister,,,udaka lokutyabeka,,,ludzaka lwekuhuca,ludzaka lwekuplastela,,idaka lokusinda,,,,taka,semari,,takathitelo,,taka,,poleistera,musuko wa u hulunga,musuko wa u pḽasiṱela,,,ridaka ro phama,,
dsac_multi_engine_00276,plasterboard,,pleisterbord,,,iplastabhodi,,,ibhodi yeludzaka,,,ibhodi ledaka,,,,bototaka,botosemari,,pototaka,,,,,bodo ya u hulunga,bodo ya pḽasiṱara,,,pulasitarabodo,,
dsac_multi_engine_00277,plinth,,plint,,,iplinti,,,sisekelo sesiyilo,iplinthi,,ubunzinzo besika,ubuhlalo besika,,,polinthe,,,pholinthe,,,,,bulokopfaredzi,,,,pilinthi,,
dsac_multi_engine_00278,plumbing fixture,,loodgietershegstuk,,,isikhuphi nesifunximanzi,,,sisetjentiswa semaphayiphi,,,isisetjenziswa sobuplamara,,,,serephetisametsi,,,didirišwapompi,,,,,zwa vhupḽambara,,,,xitirhisiwavupulambi,,
dsac_multi_engine_00279,plum stone,,uitspaarklip,spaarklip,,ilitye lokuhombisa,,,ematje ekugcwalisa,,,ikhonkhridi erhatjhiweko,,,,letlapagolo,,,bokgaboswika,,,,,matomboadzwa,,,,ribyexipulamu,,
dsac_multi_engine_00280,plywood,,laaghout,,,iplayiwudi,iplayibhodi,,ibhodimabekelo yekwakha,,,ibhodi yokwakha nokukhanda,,,,boalogong,papetlagong,,kotallaga,,,,,bulanngaṱhanganywa,,,,bodomhandzi ya tileyara,,
dsac_multi_engine_00281,pointing {cement},,voegstryking,voegwerk,,udaka lokwakha,,,ludzakasigcwalisi,,,idaka lokwakha,,,,segokanyatena,,,go takela,,,,,musuko,daka,,,ridakandzemaswitina,,
dsac_multi_engine_00282,poling board,,stutplank,,,ibhodi esisithintelikudilika,,,ibhodi yekuvimba,ibhodi yekuparaga,,ibhodi esivimbelimrhiriko,,,,bototshegetsi,,,potothekgi,,,,,bodothikhi,,,,bodoseketelamatlhelo,,
dsac_multi_engine_00283,portal frame,,portaalraam,,,isakhelo sesakhiwo,ifreyimu yesakhiwo,,luhlakasakhiwo,,,ihlaka lesakhiwo,itlhatlha lesakhiwo,,,foreimekago,,,foreimimoago,,,,,muhanga,,,,rimbaxiphothali,,
dsac_multi_engine_00284,portico {entryway},,portiek,,,iveranda yomnyango,isithimbanja,iphothikho,livulandane lemnyango,iphothikho,,umthunzi womnyango,,,,mathuditseno,photiko,,phothiko,,,,,guḓavhudzheno,pothiko,,,xivhurandana,,
dsac_multi_engine_00285,Portland cement,,Portlandsement,,,isamente emelana namanzi,,,samende we-Portland,,,isamende ye- Portland,,,,semente sa Portland,,,samente sa Portland,,,,,semennde ya Portland,,,,semende ya Portland,,
dsac_multi_engine_00286,post-stressed concrete,post-tensioned concrete,nagespanne beton,naspanbeton,,ikonkrithi elandeliswe ngeentsimbi,,,kukhonkhwa kwakhokholo kamuva,,,ikhonkhridi eneensimbi eziqinako ingathelwa,,,,konkereitethatafatswamorago,,,khonkhoritikgwahlišwamorago,,,,,khonkhrithindungelamurahu,,,,khonkhele-endzhaku-ko-vambiwa,khonkhireti-endzhaku-ko-vambiwa,
dsac_multi_engine_00287,prefabricated house,,opslaanhuis,voorafvervaardigde huis,,iphrifebhu,,,indlu leyakhiwe ngetincenye letihlanganiswako,indlu leyakhiwe ngetincenye letikhacekwako,,indlu engumakhelwafuthi,,,,motlhatlhana,motlaagana,,mokutwana,,mohlahlana,,mokhukhu,nnḓukwewapo,,,,yindlumatalulamisiwile,phurifebe,
dsac_multi_engine_00288,pre-stressed concrete,pre-tensioned concrete,voorgespanne beton,voorspanbeton,,ikonkrithi eqaliswe ngeentsimbi,,,kukhonkhwa kwakhonkholo kwasekucaleni,,,ikhonkhridi eneensimbi eziqinako ingakathelwa,,,,konkoreitethatafatswapele,,,khonkhoritikgwahlišwapele,,,,,khonkhrithindugelaphanḓa,,,,khonkhele-ku-nga-si-vambiwa,khonkhireti-ku-nga-si-vambiwa,
dsac_multi_engine_00289,primer,,grondverf,onderlaag,grondlaag,ipeyinti yokuqala,isandlalelipeyinti,,pendesisekelo,pende wekucala,,ipendesendlaleli,ipendemleyo,,,setshaswapele,,,phoraema,,,,,penndethangeli,,,,pendeandlalelo,,
dsac_multi_engine_00290,profilograph {instrument},,profilograaf,,,iphrofilografu,isilinganiseliburhabaxa,isimeti,iphrofilografu,,,iphrofilografu,,,,selekanyakgwaso ya boalo,semetakgwaso ya boalo,selekanyagwata,selekolakgwakgwa,,phorofilokerafo,,,phrofiḽografu,,,,phurofilogirafu,,
dsac_multi_engine_00291,progressive collapse {demolition},,progressiewe instorting,progressiewe ineenstorting,,uwohlozosakhiwo,udilizosakhiwo ngokuwohloza,,kudzilita ngekushiyashiyana,,,igirikobuthelelano,ibhurukobuthelelano,,,phutlhamisotatelano,phomotatelano,,phušollotatelano,,,,,vhupwashiphirela,,,,mbindzimukonandzelelano,,
dsac_multi_engine_00292,pugging {insulation},,kleibrei,kleibewerking,,ukufakwa kwesithintelingxolo,,,kufakwa kwesivimbelimsindvo,,,ukufakwa kwesivimbelitjhada,,,,pitielo,,,sefokotšamodumo,,,,,vhulangamuungo,,,,mpfalampfumawulo,,
dsac_multi_engine_00293,pulley {e.g. construction},,katrol,,,isincedisikonyusa,isincedisisonyusi,iphuli,sidvonsi,sisitikudvonsa,,ikatroli,iphuli,,,leotwanatlhofo,,,senolofatšaphagamišo,,phuli,katerole,,phuḽi,,,,phuli,,
dsac_multi_engine_00294,pulverised fuel ash,fly ash,verpoeierde brandstofas,vliegas,poeierbrandstofas,umlotha wokwakha,,,umlotsamalahle,,,umlotha wedafu yamalahle,,,,moloratswaki,,,molorabešetšwathume,,,,,miora,,,,nkuma wa malahla,,
dsac_multi_engine_00295,purlin,,kaplat,,,ipherelayini,,,libalelo lelikhulu,umshayelo lomkhulu,lutfungo lolukhulu,ibalelo elikhulu,iperilayini,,,lebalelo,perelaene,,phelini,,pherelaene,,,mbalelo,,,,rimbalelo,,
dsac_multi_engine_00296,putlog,putlock,korteling,kortling,,isixhasisikafula,isixhasisikefela,,sisimisikufulela selubondza,siparagosikefula selubondza,,isiqabelelosikhafula,,,,setshegetsakefole,,,sethekgasekhafola,,,,,tshikhwaṱhisatshikhafula,,,,xinanekwanaxikhafula,,
dsac_multi_engine_00297,pyramid hip roof,,piramiedtentdak,piramiedskilddak,,uphahla olubuphiramidi,,,luphahlaphiramidi,,,irhayisi eyiphiramidi,irhayisi emdlhodlhwana,,,thulelotlhoa,thulelotlhotlho,thulelophiramiti,thulelontotomaphiramiti,,tlhakantotomaphiramiti,,,ṱhangamuṱumbe ya phiramidi,,,,lwanguntlhadlukoxiphiramidi,,
dsac_multi_engine_00298,quarry,,klipgroef,,,ikwari,,,inkwari,,,igwari,,,,legabo,kwari,,moletekgwara,,khwari,,,mulondoni,khwarini,,,khwari,,
dsac_multi_engine_00299,quarry tile,,kleiteël,,,ithayili yekwari,,,lithayilinkwari,,,ithayili legwari,,,,thaeletsopa,thaeleseleiti,thaelekwari,thaelekhwari,,,,,thaiḽi ya vumba,,,,thayili ya khwari,,
dsac_multi_engine_00300,queen closer {brick},,vrousluiter,halfsluitsteen,,isitena esisikwe embindini ngokobude,,,sitini lesiphungulwe emhlubulweni,sitini lesisikwe emhlubulweni,,isitina esiquntwe phakathi ngobude,,,,setenakabi,,,setenakgetlolwagare,,,,,tshidinatshiṱoredzi,,,,xitinahafuvuanami,,
dsac_multi_engine_00301,queen post {roof},,hangstyl,,,ipali esisixhasi kwikapu,ipali esisisekeli sekapu,,insikakabha lencane,,,isika encani,,,,pilarathoko,,,sethekgakapa,,,,,ndulakadzi,,,,phuphuhosikati,,
dsac_multi_engine_00302,quoin {wall},,buitehoek,,,isihombisikona yesakhiwo,,,umhlobisomakhona,ikhoyini,,ikhoyoni,,,,setenakhutlo,khoene,,khutlolebotontle,,khwaene,,,tshiologwane,nyologwane,khoini,,yihlahandle,,
dsac_multi_engine_00303,radon system {ventilation system},,radonstelsel,,,indlela yongenisomoya yeradoni,inkqubo yokhuphomoya yeradoni,isiphefumlisimgangatho,luhlelo lwekuphefumulisa sakhiwo,,,ihlelo lesomisibuswe,irherho lesomisibuswe,,,matlhamaganyane a khemisi,,,tshepetšomoya,,,,,sisṱeme ya mvulelamufhe,,,,sisiteme ya rheyidoni,,
dsac_multi_engine_00304,rafter {roof},,dakspar,kapspar,,iplanga lophahla,irafta,,likabha leluphahla lolwehlako,,,ikapa elehlelako,,,,tlhomeso,,,kapa,,,,,basha,kapa,,,kapa,,
dsac_multi_engine_00305,raft foundation,,vlotfondament,vlotfondasie,,isilebhu esomelezwe ngeentsimbi,,,silebhe sakhonkholo lesindlaliwe,,,ikhonkhridisisekelo endlalekileko,,,,motheotlhomeso,,,motheotiišetšo,,motheokgwahlišetšo,,,mutheotetete,,,,masungulavurhancu,,
dsac_multi_engine_00306,rebate {woodwork},,sponning,,,iplanga elisikelwe ukuhlanganisa ijoyinti,,,sisele sekukhaceka,,,umsarhohlanganisa,umsarhophungula,,,moseto,,,mosetokopantšhi,,,,,musendokhavhiso,,,,nkovotlo,,
dsac_multi_engine_00307,reinforced concrete,,gewapende beton,,,ikhonkrithi eyomeleziweyo,,,khonkholo lokhonkhwe ngetinsimbi,,,ikhonkhridi eqiniswe ngeensimbi,,,,konkoreitethatafatswa,,,khonkhorititšhipikgwahlišwa,,,,,khonkhirithikhwaṱhisedza,,,,khonkhele-ntiyisiswa-hi-tinsimbi,khonkhireti-ntiyisiswa-hi-tinsimbi,
dsac_multi_engine_00308,retarder {cement},restrainer,vertraagmiddel,vertrager,vertragingsmiddel,isilibazisikuqina kwesamente,,,sivilaphisikusebenta,silibatisikusebenta,sidzambisikusebenta,isiriyadisi,,,,sediegisi,,,sediegiši,,seditediši,,,tshiongolosi,,,,xinonokisi,xihlwerisi,rhithada
dsac_multi_engine_00309,reveal {architecture},,dagwang,,,umqukumbelo womgubasi,irivili,,tinhlangotsi teminyango nemafasitelo,,,isivalisikhala somnyango nefesidere,iraviri,,,sekhutlopota,,,rebili,,,,,riviḽi,,,,rhivhili,,
dsac_multi_engine_00310,revolving door,,draaideur,,,umnyango ojikelezayo,,,umnyangojikeleta,,,umnyango ojikelezako,umnyango ozombelezako,,,ledikologa,,,lebatintikodiko,,lebatidikologa,,,vothitshimonemone,,,,rivantindzhendzeleko,,
dsac_multi_engine_00311,ridge {roof},,nok,,,umqolo wophahla,,,umngcengcema,umgogodla,,umqoqo,iriji,,,mokokotlo,mokwatla,,mpopotlo,,mokokotlo,,,muṱoḓo,,,,nhlohlorhi,,
dsac_multi_engine_00312,ridge tile,,nokpan,vorspan,,ithayili yomqolo wophahla,,,lithayilimngcengcema,lithayilimgogodla,,ithayili lomqoqo,ithayili leriji,,,thaele ya mokokotlo,thaele ya mokwatla,,thaelekokotlo,,thaelepopotlo,,,thaiḽi ya muṱoḓo,,,,thayilinhlohlorhi,,
dsac_multi_engine_00313,riprap {e.g. wall},,klipstorting,stortklip,,udonga lothintelokhukuliseko,,,ludvongamatje lwekuvimbela emanti,,,umthangala wamatje,,,,leribatlapa,lositlapa,,leribaboto,,leribaswilka,,,mutsheṱothilamukumbululo,,,,maribyensivelankhukhulo,,
dsac_multi_engine_00314,riser {staircase},,stygstuk,optree,klimmer,ubuso besitepusi,,,kuphakama kwetitepisi,,,ukuphakama kwesitepisi,,,,bogodimokgato,,,disetepisi,,bophagamo,,,tshikhukhulo,,,,xikhupulo,,
dsac_multi_engine_00315,rough arch,,ruboog,,,iatshi yezitena ezingasikwanga,,,i-ashi lemahhadlahhadla,,,i-atjhi emakghwakghwa,,,,seobogwata,seobokgwakgwa,,sekaborakgwakgwa,,,,,tshiaramo tsha zwimeno,,,,akaximeno,,
dsac_multi_engine_00316,rustication,,rustiekwerk,rustiekmaking,,umhombisodonga ongagudiswanga,,,umhlobisomatje lomahhadlahhadla,,,umhlobisomatje omakghwakghwa,,,,kgwakgwafatso,kgwatafatso,,kgwakgwafatšo,,,,,mukhavhiso wa rasithikhesheni,,,,nkhwaxahato,,
dsac_multi_engine_00317,saddle-back roof,,saaldak,geweldak,,uphahla olubusali,,,luphahla lolusisihlalohhashi,luphahla lwemagebuli,,umfulelo wamagebula,,,,thulelosesale,,,thulelosesale,,tlhakasesale,,,ṱhangararekanelamurahu,,,,lwangumphyeleko,,
dsac_multi_engine_00318,sanitary engineering,,sanitêre ingenieurswese,,,ubunjineli bezogutyulo,,,bunjiniyela betekuhlanteka kwemanti,,,ubunjiniyere bezokuhlwengisa ngamanzi,,,,boenjenere jwa kgeleloleswe,,,boentšenerekelelatšhila,,,,,vhuinzhiniara ha zwa vhutatatshili,,,,vunjhiniyara bya swa nkululo,,
dsac_multi_engine_00319,sanitary sewer,,sanitêre riool,,,imibhobho yogutyulo,,,tekutfutsa indle,tekuhambisa indle,,irherho lokukhambisa ikhucukhucu,ihlelo lokukhambisa ikhucukhucu,,,matlhamaganyane a kgeleloleswe,,,tshepetšotšhila,,kelelatšhila,,,tshamphungane tsha vhutatatshili,,,,phayiphi ya nkululo,,
dsac_multi_engine_00320,sash window,cased window,skuifraamvenster,skuifvenster,,ifestile enyuswa ithotywe,,,lifasitelo lelivula bushelelaphasi nasetulu,,,ifesidere elisunduzeleka phezulu,,,,theletsane,,,lefaseteretheledi,,lefaseterereledi,,,seshe ya fasiṱere,,,,fasiterexirheti,,
dsac_multi_engine_00321,scaffold,,steier,,,isikafula,isikefele,,sikefula,,,isikhafula,,,,sekefole,,,sekhafola,,,,,tshikhafula,,,,xikhafula,,
dsac_multi_engine_00322,scarf joint,scarph joint,liplas,skuinsliplas,lipvoeg,udibaniso oluskafu,,,kukhacekisa,kuhlanganisa,kuchumanisa,ukuhlanganisa ngamahlangothi,,,,tomaganoloto,,,momagantšho,,kopantšho,,,vhuṱanganyi ha tshikhafu,,,,mahlanganiselo ya mapulangi,,
dsac_multi_engine_00323,screed,,gidspleister,,,istretheji,iskridi,,siyili,skridi,,isilinganisileveli,,,,thitelo,,,selekanyetšaboalo,,,,,tshikiridi,,,,xiringaniso,xikiridi,
dsac_multi_engine_00324,scupper,scupper hole,spuitgat,skuiwergat,spuigat,intunja yokukhupha amanzi,,,imbobo yekukhipha emanti,sikhala sekukhipha emanti,,intunja yokukhupha amanzi,,,,phatlha ya mosele,,,setšhollameetse,,sefalatšameetse,,,nzanyo,,,,ponci,,
dsac_multi_engine_00325,scuttle,,luikgat,luik,valdeur,isikatile,,,sikhala sekulunguta,sikhala sekungena,,isangwana lomfulelo,isangwana lefluru,,,kgorwana,,,lešobaphihlelelo,,,,,tshivhana,,,,xinyangwanamfikelelo,,
dsac_multi_engine_00326,seal coat {roads},,deklaag,seëllaag,,isitywini,,,sivalitimfa,,,isilikhowudi,,,,seritedi,,,silikhoutu,,,,,luvhembanambatedza,,,,ntintandzemo,,
dsac_multi_engine_00327,septic tank,,septiese tenk,,,umngxuma wogutyulo,istamkoko,,lithange lendle,,,itanka yothuvi,itanka yenyathi,itanka yokubolisela,,bodutelaleswe,,,tankapodišetšo,,,,,thanngapfaramalaṱwa,,,,thanginkululo,,
dsac_multi_engine_00328,sewer,,riool,,,umbhobho wogutyulo,,,liphayiphi lendle,,,iphayiphu lekhucukhucu,,,,moseleleswe,,,phaephekelelatšhila,,,,,phaiphi ya tshampungane,,,,phayiphinkululo,,
dsac_multi_engine_00329,sewer stub,sewer connection,rioolaansluiting,,,uhlanganomibhobho yogutyulo,,,emahlanganweni emaphayiphi endle,,,ubuhlanganelo bamaphayiphu wekhucukhucu,,,,bokopanelo jwa moseleleswe,,,bohlomesetšong bja phaephekelelatšhila,,,,,ṱhanganyoni ya tshamphungane,,,,xitabu xa phayiphinkululo,,
dsac_multi_engine_00330,shear wall,,afskuiwingsmuur,,,udonga olunokumelana neentshukumo zomhlaba,,,ludvonga lwakhonkholo lolucinisa sakhiwo,,,iboda eliqinisako,umthangala oqinisako,,,lerwalelatheong,,,lebotoserwalaboima,,,,,luvhondolutiki,luvhondothiko,,,khumbixikhonkhelentiyisiso,khumbixikhonkhiretintiyisiso,
dsac_multi_engine_00331,shed roof,,afdak,,,uphahla olukekelele calanye,,,luphahla macitsanganhlanye,luphahla macitsandzawonye,,umfulelo onguplada,,,,thulelo ya mothulamelagongwe,,,tlhakatshekamo,,thulelotshekamo,,,ṱhangatsendami,,,,lwangumboyamon’we,,
dsac_multi_engine_00332,sheer legs {lifting device},,katrolbok,,,isifunquli esinemilenze,,,sicukulitinsimbi,setfwalitinsimbi,,isigugiinsimbi,isigugatjhi,,,matsholetsi,,,sekuki,,,,,tshigaguli,,,,milengexitlakuleri,,
dsac_multi_engine_00333,shim,,wig,,,iverhe,,,iweji,sinyekuli,sifukuli,itjhimu,,,,sesetledi,wašara,,wašara,,šimo,,,lupalinyeḓanyisi,,,,ximi,,
dsac_multi_engine_00334,shingle {walls and roofs},,dakspaan,dakplankie,,ishingili,ithayili yomthi,,lucetu lwelipulango lekufulela,ishingili,,itjhingili,,,,thaele ya legong,,,thaelekota,,,,,thaiḽi ya shingiḽi,,,,xingili,,
dsac_multi_engine_00335,shutter,,luik,,,ikhusi lefestile,,,sivalo selifasitelo,sivikelifasitelo,,isivalo sefesidere,,,,sekgosetsi,,,seširo,,setswalelo,,,tshivalo,,,,xatara,,
dsac_multi_engine_00336,side sewer,lateral sewer,syriool,,,umbhobho wogutyulo othungelana nongundoqo,umbhobho wogutyulo othululela kokamasipala,,liphayiphichakela lendle,,,iphayiphubuhlanganelo langendlini nelekhucukhucu,,,,segokaganyamesele,,,kelelatšhila,,phaephesekopantšhi,,,tshamphunganendivhaṱhanganyoni,,,,phayiphisoreji ya yindlu,,
dsac_multi_engine_00337,sill,,drumpel,,,isili yefestile,isili yocango,,siphelelelisilifasitelo,iwindosili,,isili,,,,setutswana,segato,,sili,,,,,siḽi,,,,sili,,
dsac_multi_engine_00338,sill plate,,drumpelplaat,,,ipleyiti yesili,isandlalelo sesili,,isilipuledi,,,isilipleyidi,,,,kapetlasetutswana,kapetlasegato,,silipoleiti,,,,,tshifarasiḽi,,,,silipuleti,,
dsac_multi_engine_00339,sill seal,,drumpelseël,drumpelseëlaar,,isincamathelisisili,isitywinisili,ipati,sinamatselisi sesili,,,isinamathiseli sesili,,,,sekabasetutswana,sekabasegato,,sethibakgoba,,setswalelakgala,,,tshifhandasiḽi,,,,xilemasili,,
dsac_multi_engine_00340,siphonage {plumbing},,heweling,hewelwerking,,ufunxomanzi ngoxinzelelomoya,,,kuhamba kwemanti langcolile lokufanele,,,ukukhamba ngefanelo kwamanzi,,,,kgopô,,,phaephekelelo,,,,,vhuelelamaḓi,,,,nchululo,,
dsac_multi_engine_00341,skewback {supporting wall},springer,boogstuiter,terugspringer,,isisekeliatshi,,,sisekelilubondza lwe-ashi,sisimisilubondza lwe-ashi,,umtjhigamelomva,ubutjhigamelomva,,,letshegetsi,,,kobegelanthago,,,,,luvhondomonatshiaramu,,,,xitinamboyamelandzhaku,,
dsac_multi_engine_00342,skylight,roof light,daklig,dakvenster,,ifestile eseluphahleni,,,luphahla lolubonisa ngale,luphahla lolukhanyako,,isingenisimkhanyo somfulelo,,,,setsenyasedi,,,tlhakatsenyalesedi,,thulelotsenyalesedi,,,phirisatshedza,,,,xinghenisa-mbonakala-elwangwini,,
dsac_multi_engine_00343,slag {binder},,slak,,,isilege,,,sivalitimfa,,,isilege,,,,semamaretsi,,,sekgomaretši,,,,,tshiḽege,,,,xilege,,
dsac_multi_engine_00344,sleeper {flooring},,moerbalk,,,isisekelimgangatho esiliplanga,,,emapulango esisekelosiyilo,,,isisekelifluru samaplanka,isilipha,,,tshetlelaboalo,,,kotasethekgabolao,,,,,maalo,,,,pulanginanekwakhonkheleni,pulanginanekwakhonkhiretini,
dsac_multi_engine_00345,sleeper wall,,moerbalkmuur,,,udonga olusisisekelimgangatho,,,sisimisibondza semapulango,,,ibodasisekelifluru,ibodasisekeliphasi,,,lobota lwa tshetlelaboalo,,,lebotopheko,,,,,luvhondothikho,,,,khumbixitlhenguso,,
dsac_multi_engine_00346,sliding door,,skuifdeur,,,ucango olutshibiliziswayo,ucango olusilayidayo,,sivalo lesisundvutekela eceleni,sivalo lesishelelekela eceleni,,umnyango osunduzeleka ngeqadi,,,,lebatitheletsane,,,lebatitheledi,,lebatireledi,,,vothitsuvhelela,,,,rivantindzhetelo,,
dsac_multi_engine_00347,slurry {e.g. cement},,flodder,,,udaka lwesamente olumanzi,,,ludzaka lolumanti,ludzaka lolulula,,idaka elilula,idaka elimdoko,,,takatsatsa,,,takamotsaro,,,,,lupwere,,,,ridakambevuko,,
dsac_multi_engine_00348,soaker {metal sheet},,drenker,,,isithintelimanzi,,,sivimbelimanti sangcwengcwe,sivimbelimncitsi selithayela,,isivimbelimanzi,,,,sethibelamonelo,,,sethibelatutlo,,,,,sokara,,,,xisivelampfuto,,
dsac_multi_engine_00349,soffit {architecture},,soffiet,binnewelwing,,umphantsi weatshi,umphantsi womphetho wophahla,,isofithi,,,isofede,isofethi,,,botlase jwa mathudi,letlaseriba,,sofithi,,,,,fhasi ha mvari,sofithi,,,sofiti,,
dsac_multi_engine_00350,soil pipe,cesspipe,vuilpyp,rioolpyp,,umbhobho welindle,,,liphayiphi lendle lelikhulu,,,iphayiphu lekhucukhucu elingaphasi,,,,moseleleswe,peipileswe,,phaephetšhila,,,,,phaiphinyendamavuni,,,,phayiphinkululo,,
dsac_multi_engine_00351,soldier {to strengthen or align},soldier beam,staanbalk,,,isilungelelanisisomelezi kulwakhiwo,,,sitini lesimile,sitini lesime sabusotja,,isoldatha,,,,lerapatlhamalatsi,,,setiiši,,,,,tshidinadzi,,,,socha,,
dsac_multi_engine_00352,sole plate,,voetbalk,,,isandlalelo sodonga,,,lipulangosisekeli,lipulangositintisi,silinganisi,iplankasinzinzisi,,,,kapetlakalelo,,,solopoleiti,,,,,bulanngaḽiali,,,,pulangindzingananiso,,
dsac_multi_engine_00353,sonotube,,sonotube,,,iforom yeekholom,iforom yeentsika,,sakhelakuso,iforomu yensika,,iforomo yamapilara,,,,sebopelo sa dipilara,,,foromophilara,,,,,foromo ya phuphu,,,,foromophuphu,,
dsac_multi_engine_00354,spandrel {architecture},,hoekvlak,,,isipandreli,,,sipandreli,,,isipandreli,,,,sepanderele,,,sepanterele,,,,,tshipandrele,,,,xipandirili,,
dsac_multi_engine_00355,spine wall,,draagmuur,dramuur,,udonga olungumqolo,udonga lokwahlukanisa,,lubondzamahlukanisa,lubondzamgogodla,,umthangalamgogodlha,,,,lebotalesikare,,,lebotomokokotlo,,lebotompopotlo,,,luvhondomuṱoḓo,,,,khumbilongo,,
dsac_multi_engine_00356,spiral stairway,spiral staircase,spiraaltrap,,,izitepusi ezijikojiko,,,sitepisi lesitongolotelako,sitepisi lesitungeletako,sitepisi lesimatombetombe,isitepisi esizombelezako,,,,serepoditshope,,,bonamelomanyokenyoke,,setepisimanyokenyoke,,,zwiṱepisimasongesonge,,,,xitepisindzhendzeleko,,
dsac_multi_engine_00357,splay,,uitskuinsing,,,isipleyi,,,tinhlangotsi temnyango nemafasitelo letitjekile,sipleyi,,isipleyi,,,,sepolei,,,sepolei,,,,,tshipuḽei,,,,vuandlalamboyamo,,
dsac_multi_engine_00358,splice {steelwork connection},,splitslas,spalklas,,isidibanisi,isihlomelisi,,sihlanganisitinsimbi lesisalipuledi,,,isihlanganisimakholomu,,,,tomaganyatshipi,,,selogantšhaditšhipi,,sehlomagantšhaditšhipi,,,tshiṱumanyi,,,,xikhomanisatinsimbi,,
dsac_multi_engine_00359,springer {arch},skewback,boogstuiter,terugspringer,,isiqalo segophe leatshi,,,sisekeli-ashi,springa,,ubuthomo be-atjhi,,,,lethayaseobo,,,motheosekabora,,,,,maalo a tshiaramo,mutheo wa tshiaramo,,,xitinansungulaaka,,
dsac_multi_engine_00360,springing line,,geboortelyn,,,umgcantsusa weatshi,,,sicondzisi-ashi,,,ubuthomobanzi be-atjhi,,,,molatepo,,,mothalotheo,,mothalogare,,,muelatshialamo,,,,ntila-masungulweni ya aka,,
dsac_multi_engine_00361,sprinkler system {fire extinguisher},sprinkelblusser,sprinkelblusstelsel,,,isicimimlilo esikwisilingi,,,sicishamlilo sesakhiwo,sicimimlilo sesakhiwo,,isicimamlilo esizilawulako esisesilinghini,,,,matlhamaganyane a dikgatshi,,,setimamollotšhašetšo,,,,,tshidzimamuliloḓilangi,,,,xitimelandzilohaxo,,
dsac_multi_engine_00362,squint brick,,skewehoeksteen,,,isitena esisikwe ngokwe-engile,isitena esisikelwe ikona,,sitinimakhoneni lesicijile,,,isitina esenza ihugu ebukhali nofana ebuthundu,,,,setenaketlolwa,,,setenateano,,setenakhutloteano,,,tshidinakhuḓa,,,,xitinankotloto,,
dsac_multi_engine_00363,stack vent {ventilation},,stampypontlugter,stampypluggat,,umbhobho osisiphefumlisi,,,liphayiphisiphefumulisi,,,iphayiphusiphefumulisi,,,,peipikhemisi,,,phaephesentšhamonkgo,,,,,phaiphipfemisi,,,,phayiphimoyakhubu,,
dsac_multi_engine_00364,stairway,staircase,trap,,,amanqwanqwa,izitepusi,,sitepisi,,,amastepisi,,,,direpodi,,,bonamelelo,,setepisi,,,zwiṱepisi,,,,switepisi,,
dsac_multi_engine_00365,steelwork,,staalwerk,,,isakhelo sentsimbi,ifreyimu yentsimbi,,luhlaka lwensimbi,,,ifreyimu yeensimbi,,,,letlhomeso la tshipi,,,foreimitšhipi,,,,,muhangatsimbi,,,,rimbansimbi,,
dsac_multi_engine_00366,stile,,styl,,,amacala omgubasi athe ngqo,amacala omgubasi athe nkqo,,incenyana lemile yelifasitelo,incenyana lemile yemnyango,,umqaqado wesibiyelo,umqaqado wefensi,,,setaele,,,tselatheledi,,seporo,,,mbambo,,,,phuphu ya rivanti,phuphu ya fasitere,
dsac_multi_engine_00367,storey,floor,verdieping,vloer,,isakhiwo esingaphezu kwesinye,,,sitezi,,,isitezi,,,,tlhatlaganyane,,,mohlophaganobato,,monamelanobato,,,tshifhaṱotenga,,,,muakontlhandluko,,
dsac_multi_engine_00368,storm sewer,storm drain,stormwaterriool,vloedwaterriool,,umjelo wamanzi emvula,umbhobho wamanzi emvula,,umsele wemanti emvula,,,irherho lokukhambisa amanzi wezulu,,,,moselemetsi,,,moselameetsefula,,,,,vhuendedzamukumbela,,,,phayiphinkhukhulo,,
dsac_multi_engine_00369,strap {support},,band,strop,bindband,isibophelelidonga emgangathweni,isimiliselidonga emgangathweni,,sihlanganisitibondza,sihlanganisiluphahla,,ihubhula,,,,bantatshipi,,,sethekgi,,,,,tshiṱirepe,,,,xitirepe,,
dsac_multi_engine_00370,stretcher {brick},,streksteen,stryksteen,,isitena esivela ngobude,,,luhlangotsi lwesitini,,,isitina esiveze ihlangothi,,,,seleele,,,lehlakoreteleletena,,,,,tshidinabuḓa,,,,rihlanguti ro leha ra xitina,,
dsac_multi_engine_00371,string course,,bandlaag,,,umbhinqosihombiso wesakhiwo,ibhantisihombiso lesakhiwo,,libhandesehlukanisi,libhandemhlobiso wendlu,,ibhandemhlobiso lesakhiwo,,,,boalobanta,,,lepantakgabišo,,,,,zwidinaṱoṱomowa,,,,ntilaxitlhekutanakhumbi,,
dsac_multi_engine_00372,strip flooring,,strookvloer,,,ulwenziwomgangatho ngokwemicu,,,emapulango esiyilo,,,ifluru yamaplanka amitletlana,,,,bodilobanta,,,lebatomesetwana,,,,,luṱa lwa zwibulannga,,,,fuloroswipulangana,,
dsac_multi_engine_00373,structural engineering,,struktuuringenieurswese,,,ubunjineli bezakhiwo,,,bunjiniyela betakhiwo,,,ubunjiniyere bezakhiwo,,,,boenjenere jwa dipopegokago,,,boentšenerepopegokago,,,,,vhuinzhiniara ha zwa mbumbo,,,,vunjhiniyara bya swa ntiyisisavumaki,,
dsac_multi_engine_00374,structural glass,,struktuurglas,,,iglasisihombiso sodonga,,,sakhiwomaglazi,,,irhalasimthangala,,,,galase ya dikago,,,lebotogalase,,,,,luvondo lwa ngilasi,,,,nghilazi yo aka,,
dsac_multi_engine_00375,stucco {plaster},,stukadoorskalk,stukadoorspleister,pleisterkalk,umtyabeko ohombisayo,,,ludzakamhlobiso lohucwako,stakho,,umhlobiso ngokusinda,umhlobiso ngokutshidza,,,rafokhasete,mokgaphasetso,,lekgwarakgabišo,,,,,khulungokhavhiso,tshitakho,,,mphamonkhaviso,,
dsac_multi_engine_00376,stud {upright post},partition stud,skotstyl,,,isiqinisisahluli sendlu,isiqinisipatishini,,simisi,insika,,isijamisi,,,,matshegotlhamalalo,,,sethekgi,,,,,tshitadi,,,,phuphu,,
dsac_multi_engine_00377,sump,,sinkput,,,isikhongozelimanzi,,,sikhangetelimanti kubhesimenti,,,umgodi osikhongozelimanzi,isampu,,,botamelo,bodutelo,,sekgoboketšameetse,,sampo,,,dindikhuvhanganyi,sampu,,,sampu,,
dsac_multi_engine_00378,surveying,,landmeting,,,uhlolomhlaba,upopolomhlaba,,kukala umhlaba,,,ukuhlola,ukupopola,,,tekanyofatshe,,,phatišišonaga,,,,,vhuṱolavhupo,,,,mpopolo,,
dsac_multi_engine_00379,sway brace,,windverspanning,,,isithintelikujijeka,isimisi nkqi,,isweyibreyzi,,,itlempu,ibhreyizi,,,tshetleditsheka,,,seswaraleboto,,setlemaleboto,,,tshitikibuḓa,,,,xihlangalala,,
dsac_multi_engine_00380,swing door,,swaaideur,,,ucango oluvulekela macala,,,sivalomvembili,,,umnyango ovulelekela ngaphandle nangaphakathi,umnyango ojinkako,,,lephai,lebatiphai,,lebatihwidinyega,,,,,vothimvulelahoṱhe,,,,rivantiximujombe,,
dsac_multi_engine_00381,tack weld,,hegsweis,,,ukutshisela ngokweziqendu okusisibambiso,,,kushisela kwesikhashane,kuteka,kushiselasibambiso,ukuteka ngokutjhiselela,,,,moteko,,,go teka,,swaragantšha,,weletela,u farisa,u ṱeka,,,vuthovherinkhomiso,vutsotsoserinkhomiso,
dsac_multi_engine_00382,tail beam {support},tail joist,kruppelbalk,,,umqadi omfutshane,,,likabha lelifishane,,,ibhimu efitjhani,,,,lerapagatla,,,sethekginkonana,,sethekgimponana,,,bimuphimi,,,,bimincila,,
dsac_multi_engine_00383,tandem roller {road},,tandemroller,,,ugandaganda omavilimabini okugangatha,,,singcingci,ithandemurola,,umagangadela,,,,sekati,setampi,,setamparathwetha,,,,,tshigigidedzi tsha thandemu,roḽara ya thandemu,,,xigandlambirhimuako,,
dsac_multi_engine_00384,tenon,,tap,,,umhlonyelwa kwimothisi,,,sihlanganisimapulango,ithenoni,,isirhohlomeli,ithenoni,,,tomanyi,,,sehlomela,,,,,tshikolotedzi,,,,xikotleti,,
dsac_multi_engine_00385,thatch roof,,grasdak,rietdak,strooidak,uphahla lwengca,,,luphahla lwetjani,,,umfulelo wotjani,,,,thulelo - ka - bojang,,,thulelobjang,,tlhakabjang,,,ṱhanga ya hatsi,,,,lwangubyanyi,,
dsac_multi_engine_00386,theodolite,,teodoliet,,,isixhobo sohlolomhlaba,isixhobo sopopolomhlaba,,sipopolo,sihloli,,isipopoli,,,,thiodolaete,,,sekopolanaga,,,,,tshipopoli,thyodoḽaithi,,,thiyodolayiti,,
dsac_multi_engine_00387,tie beam {connection},,bindbalk,,,umqadi wokuhlanganisa,,,sicondzisimakabha,,,ibhimisihlanganisi evundlileko,,,,lerapagoka,bimigoka,,seswarantšhadikapa,,,,,kapakhwali,,,,biminkhomaniso,,
dsac_multi_engine_00388,tile,,teël,,,ithayili,,,lithayili,,,ithayili,,,,thaele,,,thaele,,,,,thaiḽi,,,,thayili,,
dsac_multi_engine_00389,tower crane,,toringkraan,toringhyskraan,,isilenge esiphakame kakhulu,,,ikhreyini lephakeme kakhulu,,,umagugani omkhulu,ikhreyini ekulu,,,setsholetsitlhoa,setsholetsitora,,khereinitora,,,,,magagulenyedzamphogoli,,,,khirenixihondzo,,
dsac_multi_engine_00390,transome,transom,kalf,,,isahlulifestile ephezulu kumgubasi,,,umshayo,incenye levundlile lehlanganisako,,ifesidere elingehla komnyango,ithransomu,,,llentlelebating,teransomo,,searogantšhi,,,,,kufasiṱeredzhoni,transom,,,xihambanisa-rivanti-na-fasitere,,
dsac_multi_engine_00391,transportation engineering,,vervoeringenieurswese,,,ubunjineli bezothutho,,,bunjiniyela betekutfutsa,,,ubunjiniyere bezokuthutha,,,,boenjenere jwa dirori,,,boentšeneremananeotsela,,,,,vhuinzhiniara ha zwa vhuendedzi,,,,vunjhiniyara bya swa vutleketli,,
dsac_multi_engine_00392,trap {pipe},,sperder,stankafsluiter,,umbhobho osisinqandivumba,,,sivimbelikunuka,ithrephu,sivimbiphunga,iphayiphu elisikhandelimnuko,ithrebhe,,,peipithibedi,,,phaephethibedi,,therephe,,,phaiphithivheli,,,,phayiphixintlhamu,,
dsac_multi_engine_00393,tread {stairway},,trap,treetjie,,isinyathelwasitepusi,,,bubanti besitepisi,,,itrabha,isitepisi,,,bogato,bogatorepodi,,bogato,,,,,vhukandoni,vhukandoni,,,xikandziyo,,
dsac_multi_engine_00394,trimmer {joist},,raveelbalk,,,umqobo wokuthwala ubunzima obongezelelekileyo,,,siphetsisisekelisiyilo semapulango netinsimbi,,,ithrima,,,,matshegothapamo,,,kapaserwalaboima,,,,,thrima,,,,nanekondzhwalo,,
dsac_multi_engine_00395,truss,,kap,dakkap,,ikapu,ithrasi,,luhlakaluphahla,luphahlasiyilo,ithrasi,isakhiwo samakapa,ithrasi,,,tlhomeso,kapa,,mokapelo,,therase,,,ngomu ha ṱhanga,,,,rimba,thirasi,
dsac_multi_engine_00396,turbine,,turbine,,,isiphehlimandla,umatshini wokuphehla amandla,ithebhayini,ithebhayni,,,ithebheni,,,,sefetlhamotlakase,,,sefehlamaatla,,sefehlaenetši,lefehlo,thepaene,thabaini,,,,xipelupelu,thabayini,
dsac_multi_engine_00397,turret,,toring,torinkie,,inqatyana,,,sicongoncaba,umbhoshongo,,isiqongolo sombhotjhongo,,,,setlhoana,torana,,torana,,,,,tharethe,,,,xihondzonyana,,
dsac_multi_engine_00398,underpinning {support},,onderstutting,,,uxhasodonga,,,kwesekela ngaphasi sakhiwo lesikhona,kucinisa ngaphasi sakhiwo lesikhona,,ukusekela isakhiwo ngaphasi,,,,tshetlelotheo,,,thekgomotheo,,,,,thikhokwaṱhisedzi,,,,ntshekelo,,
dsac_multi_engine_00399,urban engineering,,stedelike ingenieurswese,,,ubunjineli ngezedolophu,,,bunjiniyela betemadolobha,,,ubunjiniyere bezamadorobho,,,,boenjenere jwa ditoropo,,,boentšeneremotsesetoropo,,,,,vhuinzhiniara ha zwa ḓorobo,,,,vunjhiniyara bya swa madoroba,,
dsac_multi_engine_00400,valley {roof or wall},,kiel,,,umsele wophahla,,,umhosha,umsele,,umsele,umrhoba,,,mokoro,,,moeditlhaka,,,,,khuḓatshululi,veḽi,,,nkova,,
dsac_multi_engine_00401,valley rafter {roof},,kielspar,,,irafta yomsele wophahla,,,likabha lemsele,likabha lemhosha,,isisekelikapa somsele,,,,tlhomeso ya mokoro,,,kapathekgamoedi,,,,,kapa ya khuḓatshululi,kapa ya veḽi,,,pulangikulu ra lwanguxinkova,,
dsac_multi_engine_00402,vault,,gewelf,,,uphahla olunobugophe,,,liphahlamhume,liphahlamhubhe,,umfulelogobela,,,,seobothulelo,,,thulelosekabora,,,,,ṱhanganyedzatshibode,,,,lwanguxiaka,,
dsac_multi_engine_00403,veneer,,fineer,,,isigqumiplanga,,,umhlobisopulango lobhacekwako,umhlobisopulango lonanyatsiselwako,,umhlobiso onanyathiselwako,,,,seapesakgong,,,mokgabišopolanka,,,,,ṱapiṱa,,,,nkhavisapulangini,,
dsac_multi_engine_00404,vent {circulation},,ontlugter,luggat,,intunja,ikroba,,siphefumulisi,,,isiphefumulisi,iventi,,,khemisi,,,phaephesehemiši,,,,,ṱapiṱa,,,,phayiphimphyuphyiso,,
dsac_multi_engine_00405,veranda,,veranda,stoep,,iveranda,,,livulande,,,amathuri,amawoba,iveranda,,mathudi,maribelo,,mathudi,,,,,guḓa,vurannḓa,,,vhuranda,,
dsac_multi_engine_00406,vitrolite {clear glass},,vitrolite,,,ifestile ehonjisiweyo,ivithrolayithi,,ivethrolayithi,,,ivithrolayithi,,,,vitrolaete,,,bithirolaete,,galasekgabišo,,,ngilasikhavhiso,,,,nghilazimbala,vhithirolayiti,
dsac_multi_engine_00407,voussoir,,boogsteen,wigsteen,boogklip,ilitye leatshi,ilitye lokwakha iatshi,,litje le-ashi,litje le-akhi,,ilitje le-atjhi,i-voussoir,,,letlapaseobo,,,leswikasekabora,,voussoir,,,tshidinatsendamiswa,tombotsendamiswa,,,ribyexiaka,,
dsac_multi_engine_00408,wainscot,,beskot,lambrisering,,umbhinqo wodonga wamaplanga,,,umhlobisopulango welingentasi lelubondza,,,umhlobisogodo ongaphezu komphethoboda,,,,lobotatlase,,,lebototlasetlasekgabišwa,,,,,mutengulo,,,,pulangintsemankhaviso,,
dsac_multi_engine_00409,wane {defective edge in timber},,wankant,,,isihlava kwiplanga,,,incenye yelipulango lelingakabatwa,,,ingcenye yeplanka engakabazeki,ingcenye yeplanka enamaqolo,,,ketlogolosi,,,bosodi,,,,,vhadzi ḽa bulannga,,,,xivatipulangi,,
dsac_multi_engine_00410,waste pipe {plumbing},,vuilwaterpyp,morspyp,,umbhobho wamanzi angcolileyo,,,liphayiphi lemanti langcolile,,,iphayiphi lamanzi asilaphazekileko,,,,peipi ya digweregwere,,,phaephekelelatšhila,,,,,phaiphi ya malaṱwa,,,,phayiphimatithyaka,,
dsac_multi_engine_00411,waste-water engineering,,afvalwateringenieurswese,,,ubunjineli ngezamanzi,,,bunjiniyela betemanti langcolile,,,ubunjiniyere bamanzi asilaphazekileko,,,,boenjere jwa kgeleloleswe,,,boentšenerekelelotšhila,,,,,vhuinzhiniara ha zwa vhusefamalaṱwa,,,,vunjhiniyara bya swa nkululo,,
dsac_multi_engine_00412,water seal,,waterslot,,,isithintelikunuka esingamanzi,,,sivimbeliphunga,,,amanzi asivimbelimnuko,amanzi asikhandelimnuko,,,sekabo sa metsi,,,meetsesethibamoya,,,,,maḓitshithivhelamunukho,,,,xipfalamati,,
dsac_multi_engine_00413,water supply system,,watertoevoerstelsel,,,inkqubo yohanjisomanzi,,,luhleloluphakelomanti,,,irherho lokusatjalaliswa kwamanzi,,,,matlhatlhaganyane a tlamelo ya metsi,,,tshepetšokabomeetse,,,,,sisiṱeme ya nḓisedzamaḓi,,,,sisitememphakelamati,,
dsac_multi_engine_00414,weep hole {drainage},,syfergat,,,umngxuma wokukhupha amanzi,,,umgodzisimunyimanti,umgodzisihambisimanti,umgodzisidvonsimanti,umgodisimunyi,,,,phatlana,,,moselana,,,,,nzanyo ya maḓi,,,,xiphohlisamati,,
dsac_multi_engine_00415,window buck,window box,kosynkoker,,,udonga lwefestile oluyibhokisi,,,lifremunchanti lelifasitelo,,,ibhoksi lefesidere,,,,kgatlha ya letlhabaphefo,,,sekgalaforeimi,,,,,nyologwane ya fasiṱere,,,,bokisi ra fasitere,,
dsac_multi_engine_00416,window frame,,vensterkosyn,,,umgubasi wefestile,,,lifremu lelifasitelo,,,ifreyimu lefesidere,,,,kgatlha ya letlhabaphefo,,,foreimilefasetere,,,,,muhanga wa fasiṱere,,,,rimbafasitere,,
dsac_multi_engine_00417,window sash,,vensterraam,skuifruim,,isinyusisithobi sefestile,,,kugudluka kwelifasitelo,kusundvuka kwelifasitelo,kuphakama kwelifasitelo,ingcenye evulekako yefesidere,,,,setheletsane,,,lefaseteretheledi,,,,,seshe ya fasiṱere,,,,xiphemufasitere xo pfula,,
dsac_multi_engine_00418,wired glass,wire glass,draadglas,,,iglasi eneengcingo,,,liglazimawayela,,,irhalasi elineendrada,,,,galasethale,,,galasethale,,galasemetato,,,ngilasi ya ṱhalendukwa,,,,nghilaziswisefana,,
dsac_multi_engine_00419,wire nut,,kabelkassie,kabelkas,kabelmof,isigqumingcingo,,,sihlanganisitintsambo tagezi,,,isihlanganisimikhungo,,,,mmuruthale,,,sekopanyamathale,,sekopanyametato,,,tshiṱumaṱhale,,,,pulasitikinkhomanisatintambu,,
dsac_multi_engine_00420,wonderboard,,wonderboard,,,iwandabhodi,,,sicabati sasemende,iwandabhodi,,iwandabhodi,,,,sesetlegathaele,,,sethekgathaele,,,,,bodo ya khonkhirithi,wandabodo,,,wandabodo,,
dsac_multi_engine_00421,zone valve,,soneklep,,,ivalvu yolawuloqondo lobushushu,ivalvu yolawulokuhamba kwamanzi,,ivelfu yekulawula kushisa,,,ivelfu elisilawulizingakutjhisa,,,,velofo ya zounu,,,selaolakelelo,,,,,veḽuvuyapo,,,,vhaluvhu-lawula-nkhuluko,,
dsac_multi_engine_00422,zoning {town planning},,sonering,,,ucandoziza,,,luhlelodolobha,kwehlukanisa tindzawo,umklamondzawo,ukusikwa kwendawo ngokukamasipala,ukutlanywa kwedorobho,,,karoganyetsofelo,,,karoganyoditsha,,,,,mbekanyavhupo,,,,avanisandhawu,ku zona,
